Lotus,2012-11-12,Your Body,2012-11-12,Max,Martin,1969-06-18
Lotus,2012-11-12,Your Body,2012-11-12,Savan,Kotecha,1983-07-01
ARTPOP,2013-11-11,Venus,2013-11-11,Dino,Zisis,1976-11-12
ARTPOP,2013-11-11,Venus,2013-11-11,Hugo,Leclercq,1989-11-24
ARTPOP,2013-11-11,Venus,2013-11-11,Lady,Gaga,1976-09-24
ARTPOP,2013-11-11,Venus,2013-11-11,Nick,Monson,1975-11-24
ARTPOP,2013-11-11,Venus,2013-11-11,Paul,Blair,1985-03-05
ARTPOP,2013-11-11,Venus,2013-11-11,Sun,Ra,1971-05-22
ARTPOP,2013-11-11,Swine,2013-11-11,Dino,Zisis,1976-11-12
ARTPOP,2013-11-11,Swine,2013-11-11,Lady,Gaga,1976-09-24
ARTPOP,2013-11-11,Swine,2013-11-11,Nick,Monson,1975-11-24
ARTPOP,2013-11-11,Swine,2013-11-11,Paul,Blair,1985-03-05
ARTPOP,2013-11-11,Sexxx Dreams,2013-11-11,Lady,Gaga,1976-09-24
ARTPOP,2013-11-11,Sexxx Dreams,2013-11-11,Martin,Bresso,1970-03-16
ARTPOP,2013-11-11,Sexxx Dreams,2013-11-11,Paul,Blair,1985-03-05
ARTPOP,2013-11-11,Sexxx Dreams,2013-11-11,William,Grigahcine,1979-12-20
ARTPOP,2013-11-11,Mary Jane Holland,2013-11-11,Hugo,Leclercq,1989-11-24
ARTPOP,2013-11-11,Mary Jane Holland,2013-11-11,Lady,Gaga,1976-09-24
ARTPOP,2013-11-11,MANiCURE,2013-11-11,Dino,Zisis,1976-11-12
ARTPOP,2013-11-11,MANiCURE,2013-11-11,Lady,Gaga,1976-09-24
ARTPOP,2013-11-11,MANiCURE,2013-11-11,Nick,Monson,1975-11-24
ARTPOP,2013-11-11,MANiCURE,2013-11-11,Paul,Blair,1985-03-05
ARTPOP,2013-11-11,Jewels N' Drugs,2013-11-11,Clifford,Harris,1984-10-21
ARTPOP,2013-11-11,Jewels N' Drugs,2013-11-11,Dino,Zisis,1976-11-12
ARTPOP,2013-11-11,Jewels N' Drugs,2013-11-11,Lady,Gaga,1976-09-24
ARTPOP,2013-11-11,Jewels N' Drugs,2013-11-11,Nick,Monson,1975-11-24
ARTPOP,2013-11-11,Jewels N' Drugs,2013-11-11,Paul,Blair,1985-03-05
ARTPOP,2013-11-11,Jewels N' Drugs,2013-11-11,Too,$hort,1982-10-15
ARTPOP,2013-11-11,Jewels N' Drugs,2013-11-11,Urales,Vargas,1974-05-31
ARTPOP,2013-11-11,Gypsy,2013-11-11,Hugo,Leclercq,1989-11-24
ARTPOP,2013-11-11,Gypsy,2013-11-11,Lady,Gaga,1976-09-24
ARTPOP,2013-11-11,Gypsy,2013-11-11,Paul,Blair,1985-03-05
ARTPOP,2013-11-11,Gypsy,2013-11-11,R.,RedOne,1972-11-15
ARTPOP,2013-11-11,G.U.Y.,2013-11-11,Anton,Zaslavski,1989-04-27
ARTPOP,2013-11-11,G.U.Y.,2013-11-11,Lady,Gaga,1976-09-24
ARTPOP,2013-11-11,Fashion!,2013-11-11,David,Guetta,1969-03-15
ARTPOP,2013-11-11,Fashion!,2013-11-11,Giorgio,Tuinfort,1988-08-20
ARTPOP,2013-11-11,Fashion!,2013-11-11,Lady,Gaga,1976-09-24
ARTPOP,2013-11-11,Fashion!,2013-11-11,Paul,Blair,1985-03-05
ARTPOP,2013-11-11,Fashion!,2013-11-11,William,Adams,1989-06-11
ARTPOP,2013-11-11,Dope,2013-11-11,Dino,Zisis,1976-11-12
ARTPOP,2013-11-11,Dope,2013-11-11,Lady,Gaga,1976-09-24
ARTPOP,2013-11-11,Dope,2013-11-11,Nick,Monson,1975-11-24
ARTPOP,2013-11-11,Dope,2013-11-11,Paul,Blair,1985-03-05
ARTPOP,2013-11-11,Donatella,2013-11-11,Anton,Zaslavski,1989-04-27
ARTPOP,2013-11-11,Donatella,2013-11-11,Lady,Gaga,1976-09-24
ARTPOP,2013-11-11,Do What U Want,2013-11-11,Lady,Gaga,1976-09-24
ARTPOP,2013-11-11,Do What U Want,2013-11-11,Martin,Bresso,1970-03-16
ARTPOP,2013-11-11,Do What U Want,2013-11-11,Paul,Blair,1985-03-05
ARTPOP,2013-11-11,Do What U Want,2013-11-11,R.,Kelly,1977-01-16
ARTPOP,2013-11-11,Do What U Want,2013-11-11,William,Grigahcine,1979-12-20
ARTPOP,2013-11-11,Aura,2013-11-11,Amit,Duvdevani,1989-08-18
ARTPOP,2013-11-11,Aura,2013-11-11,Anton,Zaslavski,1989-04-27
ARTPOP,2013-11-11,Aura,2013-11-11,Erez,Eisen,1968-09-07
ARTPOP,2013-11-11,Aura,2013-11-11,Lady,Gaga,1976-09-24
ARTPOP,2013-11-11,ARTPOP,2013-11-11,Dino,Zisis,1976-11-12
ARTPOP,2013-11-11,ARTPOP,2013-11-11,Lady,Gaga,1976-09-24
ARTPOP,2013-11-11,ARTPOP,2013-11-11,Nick,Monson,1975-11-24
ARTPOP,2013-11-11,ARTPOP,2013-11-11,Paul,Blair,1985-03-05
ARTPOP,2013-11-11,Applause,2013-11-11,Dino,Zisis,1976-11-12
ARTPOP,2013-11-11,Applause,2013-11-11,Julien,Arias,1981-03-09
ARTPOP,2013-11-11,Applause,2013-11-11,Lady,Gaga,1976-09-24
ARTPOP,2013-11-11,Applause,2013-11-11,Martin,Bresso,1970-03-16
ARTPOP,2013-11-11,Applause,2013-11-11,Nick,Monson,1975-11-24
ARTPOP,2013-11-11,Applause,2013-11-11,Nicolas,Mercier,1978-02-06
ARTPOP,2013-11-11,Applause,2013-11-11,Paul,Blair,1985-03-05
ARTPOP,2013-11-11,Applause,2013-11-11,William,Grigahcine,1979-12-20
Back to Basics,2006-08-15,Without You,2006-08-15,Christina,Aguilera,1972-09-15
Back to Basics,2006-08-15,Without You,2006-08-15,Kara,DioGuardi,1977-05-28
Back to Basics,2006-08-15,Without You,2006-08-15,Mark,Ronson,1989-10-20
Back to Basics,2006-08-15,Without You,2006-08-15,Rob,Lewis,1990-04-08
Back to Basics,2006-08-15,Welcome,2006-08-15,Christina,Aguilera,1972-09-15
Back to Basics,2006-08-15,Welcome,2006-08-15,Linda,Perry,1978-01-25
Back to Basics,2006-08-15,Welcome,2006-08-15,Mark,Ronson,1989-10-20
Back to Basics,2006-08-15,Welcome,2006-08-15,Paul,Ill,1971-10-19
Back to Basics,2006-08-15,Understand,2006-08-15,Allen,Toussaint,1976-01-29
Back to Basics,2006-08-15,Understand,2006-08-15,Kara,DioGuardi,1977-05-28
Back to Basics,2006-08-15,Understand,2006-08-15,Kwame,Holland,1974-08-03
Back to Basics,2006-08-15,The Right Man,2006-08-15,Christina,Aguilera,1972-09-15
Back to Basics,2006-08-15,The Right Man,2006-08-15,Linda,Perry,1978-01-25
Back to Basics,2006-08-15,Thank You (Dedication to Fans),2006-08-15,Christina,Aguilera,1972-09-15
Back to Basics,2006-08-15,Thank You (Dedication to Fans),2006-08-15,David,Frank,1975-07-25
Back to Basics,2006-08-15,Thank You (Dedication to Fans),2006-08-15,Kara,DioGuardi,1977-05-28
Back to Basics,2006-08-15,Thank You (Dedication to Fans),2006-08-15,Pamela,Sheyne,1980-03-30
Back to Basics,2006-08-15,Still Dirrty,2006-08-15,Christina,Aguilera,1972-09-15
Back to Basics,2006-08-15,Still Dirrty,2006-08-15,Kara,DioGuardi,1977-05-28
Back to Basics,2006-08-15,Slow Down Baby,2006-08-15,Christina,Aguilera,1972-09-15
Back to Basics,2006-08-15,Slow Down Baby,2006-08-15,Kara,DioGuardi,1977-05-28
Back to Basics,2006-08-15,Slow Down Baby,2006-08-15,Mark,Ronson,1989-10-20
Back to Basics,2006-08-15,Slow Down Baby,2006-08-15,Raymond,Angry,1970-07-21
Back to Basics,2006-08-15,Slow Down Baby,2006-08-15,William,Guest,1986-03-05
Back to Basics,2006-08-15,Save Me From Myself,2006-08-15,Bill,Bottrell,1970-10-09
Back to Basics,2006-08-15,Save Me From Myself,2006-08-15,Christina,Aguilera,1972-09-15
Back to Basics,2006-08-15,Save Me From Myself,2006-08-15,Linda,Perry,1978-01-25
Back to Basics,2006-08-15,On Our Way,2006-08-15,Christina,Aguilera,1972-09-15
Back to Basics,2006-08-15,On Our Way,2006-08-15,Kara,DioGuardi,1977-05-28
Back to Basics,2006-08-15,On Our Way,2006-08-15,Mark,Rankin,1973-03-12
Back to Basics,2006-08-15,Oh Mother,2006-08-15,Christina,Aguilera,1972-09-15
Back to Basics,2006-08-15,Oh Mother,2006-08-15,Christophe,Barratier,1984-02-11
Back to Basics,2006-08-15,Oh Mother,2006-08-15,Kara,DioGuardi,1977-05-28
Back to Basics,2006-08-15,Oh Mother,2006-08-15,Mark,Rankin,1973-03-12
Back to Basics,2006-08-15,Nasty Naughty Boy,2006-08-15,Christina,Aguilera,1972-09-15
Back to Basics,2006-08-15,Nasty Naughty Boy,2006-08-15,Linda,Perry,1978-01-25
Back to Basics,2006-08-15,Mercy on Me,2006-08-15,Christina,Aguilera,1972-09-15
Back to Basics,2006-08-15,Mercy on Me,2006-08-15,Linda,Perry,1978-01-25
Back to Basics,2006-08-15,Makes Me Wanna Pray,2006-08-15,Christina,Aguilera,1972-09-15
Back to Basics,2006-08-15,Makes Me Wanna Pray,2006-08-15,Kara,DioGuardi,1977-05-28
Back to Basics,2006-08-15,Makes Me Wanna Pray,2006-08-15,Rich,Harrison,1988-07-25
Back to Basics,2006-08-15,Makes Me Wanna Pray,2006-08-15,Steve,Winwood,1984-11-08
Back to Basics,2006-08-15,Intro (Back to Basics),2006-08-15,Christina,Aguilera,1972-09-15
Back to Basics,2006-08-15,Intro (Back to Basics),2006-08-15,Kara,DioGuardi,1977-05-28
Back to Basics,2006-08-15,Intro (Back to Basics),2006-08-15,Rick,Darnell,1969-10-18
Back to Basics,2006-08-15,Intro (Back to Basics),2006-08-15,Roy,Hawkins,1972-02-02
Back to Basics,2006-08-15,I Got Trouble,2006-08-15,Christina,Aguilera,1972-09-15
Back to Basics,2006-08-15,I Got Trouble,2006-08-15,Linda,Perry,1978-01-25
Back to Basics,2006-08-15,Hurt,2006-08-15,Christina,Aguilera,1972-09-15
Back to Basics,2006-08-15,Hurt,2006-08-15,Linda,Perry,1978-01-25
Back to Basics,2006-08-15,Hurt,2006-08-15,Mark,Ronson,1989-10-20
Back to Basics,2006-08-15,Here to Stay,2006-08-15,Christina,Aguilera,1972-09-15
Back to Basics,2006-08-15,Here to Stay,2006-08-15,Heather,Holley,1971-09-23
Back to Basics,2006-08-15,Here to Stay,2006-08-15,Tony,Reyes,1976-11-16
Back to Basics,2006-08-15,F.U.S.S.,2006-08-15,Christina,Aguilera,1972-09-15
Back to Basics,2006-08-15,F.U.S.S.,2006-08-15,Kara,DioGuardi,1977-05-28
Back to Basics,2006-08-15,Enter the Circus,2006-08-15,Christina,Aguilera,1972-09-15
Back to Basics,2006-08-15,Enter the Circus,2006-08-15,Linda,Perry,1978-01-25
Back to Basics,2006-08-15,Candyman,2006-08-15,Christina,Aguilera,1972-09-15
Back to Basics,2006-08-15,Candyman,2006-08-15,Linda,Perry,1978-01-25
Back to Basics,2006-08-15,Back to Basics,2006-08-15,Christina,Aguilera,1972-09-15
Back to Basics,2006-08-15,Back to Basics,2006-08-15,Kara,DioGuardi,1977-05-28
Back to Basics,2006-08-15,Back to Basics,2006-08-15,Rick,Darnell,1969-10-18
Back to Basics,2006-08-15,Back to Basics,2006-08-15,Roy,Hawkins,1972-02-02
Back to Basics,2006-08-15,Back in the Day,2006-08-15,Christina,Aguilera,1972-09-15
Back to Basics,2006-08-15,Back in the Day,2006-08-15,Don,Costa,1990-12-13
Back to Basics,2006-08-15,Back in the Day,2006-08-15,Kara,DioGuardi,1977-05-28
Back to Basics,2006-08-15,Ain't No Other Man,2006-08-15,Charles,Roane,1976-03-19
Back to Basics,2006-08-15,Ain't No Other Man,2006-08-15,Christina,Aguilera,1972-09-15
Back to Basics,2006-08-15,Ain't No Other Man,2006-08-15,Harold,Beatty,1982-08-25
Back to Basics,2006-08-15,Ain't No Other Man,2006-08-15,Kara,DioGuardi,1977-05-28
Believe Acoustic,2013-01-29,Yellow Raincoat [Album Version],2013-01-29,Josh,Gudwin,1982-05-05
Believe Acoustic,2013-01-29,Yellow Raincoat [Album Version],2013-01-29,Justin,Bieber,1982-02-22
Believe Acoustic,2013-01-29,Take You [Acoustic],2013-01-29,Alex,Dezen,1989-03-24
Believe Acoustic,2013-01-29,Take You [Acoustic],2013-01-29,Ben,Maddahi,1979-04-11
Believe Acoustic,2013-01-29,Take You [Acoustic],2013-01-29,James,Abrahart,1979-10-31
Believe Acoustic,2013-01-29,Take You [Acoustic],2013-01-29,Justin,Bieber,1982-02-22
Believe Acoustic,2013-01-29,Take You [Acoustic],2013-01-29,Pierre-Antoine,Melki,1979-11-15
Believe Acoustic,2013-01-29,Take You [Acoustic],2013-01-29,R.,Golan,1973-05-18
Believe Acoustic,2013-01-29,She Don't Like the Lights [Acoustic],2013-01-29,Justin,Bieber,1982-02-22
Believe Acoustic,2013-01-29,She Don't Like the Lights [Acoustic],2013-01-29,Rodney,Jerkins,1988-07-30
Believe Acoustic,2013-01-29,Nothing Like Us [Album Version],2013-01-29,Justin,Bieber,1982-02-22
Believe Acoustic,2013-01-29,I Would [Album Version],2013-01-29,A.M.,Cox,1987-09-10
Believe Acoustic,2013-01-29,I Would [Album Version],2013-01-29,Justin,Bieber,1982-02-22
Believe Acoustic,2013-01-29,Fall [Live],2013-01-29,Jacob,Luttrell,1975-09-09
Believe Acoustic,2013-01-29,Fall [Live],2013-01-29,Justin,Bieber,1982-02-22
Believe Acoustic,2013-01-29,Fall [Live],2013-01-29,Mason,Levy,1969-01-20
Believe Acoustic,2013-01-29,Boyfriend [Acoustic],2013-01-29,Justin,Bieber,1982-02-22
Believe Acoustic,2013-01-29,Boyfriend [Acoustic],2013-01-29,Mason,Levy,1969-01-20
Believe Acoustic,2013-01-29,Boyfriend [Acoustic],2013-01-29,Mike,Posner,1979-06-15
Believe Acoustic,2013-01-29,Beauty and the Beat [Acoustic],2013-01-29,Anton,Zaslavski,1989-04-27
Believe Acoustic,2013-01-29,Beauty and the Beat [Acoustic],2013-01-29,Onika,Maraj,1979-10-04
Believe Acoustic,2013-01-29,Beauty and the Beat [Acoustic],2013-01-29,Savan,Kotecha,1983-07-01
Believe Acoustic,2013-01-29,Be Alright [Acoustic],2013-01-29,Dan,Kanter,1977-05-11
Believe Acoustic,2013-01-29,Be Alright [Acoustic],2013-01-29,Justin,Bieber,1982-02-22
Believe Acoustic,2013-01-29,As Long as You Love Me [Acoustic],2013-01-29,Justin,Bieber,1982-02-22
Believe Acoustic,2013-01-29,As Long as You Love Me [Acoustic],2013-01-29,Nasri,Atweh,1981-03-03
Believe Acoustic,2013-01-29,As Long as You Love Me [Acoustic],2013-01-29,Rodney,Jerkins,1988-07-30
Believe Acoustic,2013-01-29,All Around the World [Acoustic],2013-01-29,Adam,Messinger,1975-02-17
Believe Acoustic,2013-01-29,All Around the World [Acoustic],2013-01-29,Justin,Bieber,1982-02-22
Believe Acoustic,2013-01-29,All Around the World [Acoustic],2013-01-29,Nasri,Atweh,1981-03-03
Believe Acoustic,2013-01-29,All Around the World [Acoustic],2013-01-29,Nolan,Lambroza,1970-08-24
Born This Way,2011-05-23,You and I,2011-05-23,Lady,Gaga,1976-09-24
Born This Way,2011-05-23,The Edge of Glory,2011-05-23,DJ,White,1980-07-11
Born This Way,2011-05-23,The Edge of Glory,2011-05-23,Fernando,Garibay,1986-10-11
Born This Way,2011-05-23,The Edge of Glory,2011-05-23,Lady,Gaga,1976-09-24
Born This Way,2011-05-23,Scheiore,2011-05-23,Lady,Gaga,1976-09-24
Born This Way,2011-05-23,Scheiore,2011-05-23,R.,RedOne,1972-11-15
Born This Way,2011-05-23,Marry the Night,2011-05-23,Fernando,Garibay,1986-10-11
Born This Way,2011-05-23,Marry the Night,2011-05-23,Lady,Gaga,1976-09-24
Born This Way,2011-05-23,Judas,2011-05-23,Lady,Gaga,1976-09-24
Born This Way,2011-05-23,Judas,2011-05-23,R.,RedOne,1972-11-15
Born This Way,2011-05-23,Highway Unicorn (Road to Love),2011-05-23,DJ,White,1980-07-11
Born This Way,2011-05-23,Highway Unicorn (Road to Love),2011-05-23,Fernando,Garibay,1986-10-11
Born This Way,2011-05-23,Highway Unicorn (Road to Love),2011-05-23,Lady,Gaga,1976-09-24
Born This Way,2011-05-23,Highway Unicorn (Road to Love),2011-05-23,R.,RedOne,1972-11-15
Born This Way,2011-05-23,Heavy Metal Lover,2011-05-23,Fernando,Garibay,1986-10-11
Born This Way,2011-05-23,Heavy Metal Lover,2011-05-23,Lady,Gaga,1976-09-24
Born This Way,2011-05-23,Hair,2011-05-23,Lady,Gaga,1976-09-24
Born This Way,2011-05-23,Hair,2011-05-23,R.,RedOne,1972-11-15
Born This Way,2011-05-23,Government Hooker,2011-05-23,DJ,White,1980-07-11
Born This Way,2011-05-23,Government Hooker,2011-05-23,Fernando,Garibay,1986-10-11
Born This Way,2011-05-23,Government Hooker,2011-05-23,Lady,Gaga,1976-09-24
Born This Way,2011-05-23,Electric Chapel,2011-05-23,DJ,White,1980-07-11
Born This Way,2011-05-23,Electric Chapel,2011-05-23,Lady,Gaga,1976-09-24
Born This Way,2011-05-23,Born This Way,2011-05-23,Jeppe,Laursen,1982-08-24
Born This Way,2011-05-23,Born This Way,2011-05-23,Lady,Gaga,1976-09-24
Born This Way,2011-05-23,Bloody Mary,2011-05-23,DJ,White,1980-07-11
Born This Way,2011-05-23,Bloody Mary,2011-05-23,Fernando,Garibay,1986-10-11
Born This Way,2011-05-23,Bloody Mary,2011-05-23,Lady,Gaga,1976-09-24
Born This Way,2011-05-23,Bad Kids,2011-05-23,DJ,White,1980-07-11
Born This Way,2011-05-23,Bad Kids,2011-05-23,Fernando,Garibay,1986-10-11
Born This Way,2011-05-23,Bad Kids,2011-05-23,Jeppe,Laursen,1982-08-24
Born This Way,2011-05-23,Bad Kids,2011-05-23,Lady,Gaga,1976-09-24
Born This Way,2011-05-23,Americano,2011-05-23,Cheche,Alara,1968-04-12
Born This Way,2011-05-23,Americano,2011-05-23,DJ,White,1980-07-11
Born This Way,2011-05-23,Americano,2011-05-23,Fernando,Garibay,1986-10-11
Born This Way,2011-05-23,Americano,2011-05-23,Lady,Gaga,1976-09-24
Celebration Day,2012-11-19,Whole Lotta Love,2012-11-19,Jimmy,Page,1982-11-27
Celebration Day,2012-11-19,Whole Lotta Love,2012-11-19,John,Bonham,1977-01-06
Celebration Day,2012-11-19,Whole Lotta Love,2012-11-19,John,Paul,1973-11-20
Celebration Day,2012-11-19,Whole Lotta Love,2012-11-19,Robert,Plant,1978-10-02
Celebration Day,2012-11-19,Whole Lotta Love,2012-11-19,Willie,Dixon,1990-08-21
Celebration Day,2012-11-19,Trampled Under Foot,2012-11-19,Jimmy,Page,1982-11-27
Celebration Day,2012-11-19,Trampled Under Foot,2012-11-19,John,Paul,1973-11-20
Celebration Day,2012-11-19,Trampled Under Foot,2012-11-19,Robert,Plant,1978-10-02
Celebration Day,2012-11-19,The Song Remains the Same,2012-11-19,Jimmy,Page,1982-11-27
Celebration Day,2012-11-19,The Song Remains the Same,2012-11-19,Robert,Plant,1978-10-02
Celebration Day,2012-11-19,Stairway to Heaven,2012-11-19,Jimmy,Page,1982-11-27
Celebration Day,2012-11-19,Stairway to Heaven,2012-11-19,Robert,Plant,1978-10-02
Celebration Day,2012-11-19,Since I've Been Loving You,2012-11-19,Jimmy,Page,1982-11-27
Celebration Day,2012-11-19,Since I've Been Loving You,2012-11-19,John,Paul,1973-11-20
Celebration Day,2012-11-19,Since I've Been Loving You,2012-11-19,Robert,Plant,1978-10-02
Celebration Day,2012-11-19,Rock and Roll,2012-11-19,Jimmy,Page,1982-11-27
Celebration Day,2012-11-19,Rock and Roll,2012-11-19,John,Bonham,1977-01-06
Celebration Day,2012-11-19,Rock and Roll,2012-11-19,John,Paul,1973-11-20
Celebration Day,2012-11-19,Rock and Roll,2012-11-19,Robert,Plant,1978-10-02
Celebration Day,2012-11-19,Ramble On,2012-11-19,Jimmy,Page,1982-11-27
Celebration Day,2012-11-19,Ramble On,2012-11-19,Robert,Plant,1978-10-02
Celebration Day,2012-11-19,Nobody's Fault But Mine,2012-11-19,Jimmy,Page,1982-11-27
Celebration Day,2012-11-19,Nobody's Fault But Mine,2012-11-19,Robert,Plant,1978-10-02
Celebration Day,2012-11-19,No Quarter,2012-11-19,Jimmy,Page,1982-11-27
Celebration Day,2012-11-19,No Quarter,2012-11-19,John,Paul,1973-11-20
Celebration Day,2012-11-19,No Quarter,2012-11-19,Robert,Plant,1978-10-02
Celebration Day,2012-11-19,Misty Mountain Hop,2012-11-19,Jimmy,Page,1982-11-27
Celebration Day,2012-11-19,Misty Mountain Hop,2012-11-19,John,Paul,1973-11-20
Celebration Day,2012-11-19,Misty Mountain Hop,2012-11-19,Robert,Plant,1978-10-02
Celebration Day,2012-11-19,Kashmir,2012-11-19,Jimmy,Page,1982-11-27
Celebration Day,2012-11-19,Kashmir,2012-11-19,John,Bonham,1977-01-06
Celebration Day,2012-11-19,Kashmir,2012-11-19,Robert,Plant,1978-10-02
Celebration Day,2012-11-19,In My Time of Dying,2012-11-19,Jimmy,Page,1982-11-27
Celebration Day,2012-11-19,In My Time of Dying,2012-11-19,John,Bonham,1977-01-06
Celebration Day,2012-11-19,In My Time of Dying,2012-11-19,John,Paul,1973-11-20
Celebration Day,2012-11-19,In My Time of Dying,2012-11-19,Robert,Plant,1978-10-02
Celebration Day,2012-11-19,Good Times Bad Times,2012-11-19,Jimmy,Page,1982-11-27
Celebration Day,2012-11-19,Good Times Bad Times,2012-11-19,John,Bonham,1977-01-06
Celebration Day,2012-11-19,Good Times Bad Times,2012-11-19,John,Paul,1973-11-20
Celebration Day,2012-11-19,For Your Life,2012-11-19,Jimmy,Page,1982-11-27
Celebration Day,2012-11-19,For Your Life,2012-11-19,Robert,Plant,1978-10-02
Celebration Day,2012-11-19,Dazed and Confused,2012-11-19,Jimmy,Page,1982-11-27
Celebration Day,2012-11-19,Black Dog,2012-11-19,Jimmy,Page,1982-11-27
Celebration Day,2012-11-19,Black Dog,2012-11-19,John,Paul,1973-11-20
Celebration Day,2012-11-19,Black Dog,2012-11-19,Robert,Plant,1978-10-02
Come Away with Me,2002-02-26,Turn Me On,2002-02-26,John,D.,1978-07-10
Come Away with Me,2002-02-26,The Nearness of You,2002-02-26,Hoagy,Carmichael,1974-04-22
Come Away with Me,2002-02-26,The Nearness of You,2002-02-26,Ned,Washington,1988-04-21
Come Away with Me,2002-02-26,The Long Day Is Over,2002-02-26,Jesse,Harris,1983-09-20
Come Away with Me,2002-02-26,The Long Day Is Over,2002-02-26,Norah,Jones,1974-03-27
Come Away with Me,2002-02-26,Shoot the Moon,2002-02-26,Jesse,Harris,1983-09-20
Come Away with Me,2002-02-26,Seven Years,2002-02-26,Lee,Alexander,1969-01-16
Come Away with Me,2002-02-26,Painter Song,2002-02-26,J.C.,Hopkins,1969-08-27
Come Away with Me,2002-02-26,Painter Song,2002-02-26,Lee,Alexander,1969-01-16
Come Away with Me,2002-02-26,One Flight Down,2002-02-26,Jesse,Harris,1983-09-20
Come Away with Me,2002-02-26,Nightingale,2002-02-26,Norah,Jones,1974-03-27
Come Away with Me,2002-02-26,Lonestar,2002-02-26,Lee,Alexander,1969-01-16
Come Away with Me,2002-02-26,I've Got to See You Again,2002-02-26,Jesse,Harris,1983-09-20
Come Away with Me,2002-02-26,Feelin' the Same Way,2002-02-26,Lee,Alexander,1969-01-16
Come Away with Me,2002-02-26,Don't Know Why,2002-02-26,Jesse,Harris,1983-09-20
Come Away with Me,2002-02-26,Come Away With Me,2002-02-26,Jesse,Harris,1983-09-20
Come Away with Me,2002-02-26,Come Away With Me,2002-02-26,Norah,Jones,1974-03-27
Come Away with Me,2002-02-26,"Cold, Cold Heart",2002-02-26,Hank,Williams,1982-07-02
Do What U Want,2013-10-22,Do What U Want,2013-10-22,Lady,Gaga,1976-09-24
Fearless,2008-11-11,You're Not Sorry,2008-11-11,Taylor,Swift,1975-01-21
Fearless,2008-11-11,You Belong With Me,2008-11-11,Liz,Rose,1983-10-24
Fearless,2008-11-11,You Belong With Me,2008-11-11,Taylor,Swift,1975-01-21
Fearless,2008-11-11,White Horse,2008-11-11,Liz,Rose,1983-10-24
Fearless,2008-11-11,White Horse,2008-11-11,Taylor,Swift,1975-01-21
Fearless,2008-11-11,The Way I Loved You,2008-11-11,John,Rich,1981-09-13
Fearless,2008-11-11,The Way I Loved You,2008-11-11,Taylor,Swift,1975-01-21
Fearless,2008-11-11,The Best Day,2008-11-11,Taylor,Swift,1975-01-21
Fearless,2008-11-11,Tell Me Why,2008-11-11,Liz,Rose,1983-10-24
Fearless,2008-11-11,Tell Me Why,2008-11-11,Taylor,Swift,1975-01-21
Fearless,2008-11-11,Love Story,2008-11-11,Taylor,Swift,1975-01-21
Fearless,2008-11-11,Hey Stephen,2008-11-11,Taylor,Swift,1975-01-21
Fearless,2008-11-11,Forever & Always,2008-11-11,Taylor,Swift,1975-01-21
Fearless,2008-11-11,Fifteen,2008-11-11,Taylor,Swift,1975-01-21
Fearless,2008-11-11,Fearless,2008-11-11,Hillary,Lindsey,1977-05-12
Fearless,2008-11-11,Fearless,2008-11-11,Liz,Rose,1983-10-24
Fearless,2008-11-11,Fearless,2008-11-11,Taylor,Swift,1975-01-21
Fearless,2008-11-11,Change,2008-11-11,Taylor,Swift,1975-01-21
Fearless,2008-11-11,Breathe,2008-11-11,Colbie,Caillat,1976-01-23
Fearless,2008-11-11,Breathe,2008-11-11,Taylor,Swift,1975-01-21
Full Frequency,2014-02-17,Wickedest Style,2014-02-17,Amethyst,Kelly,1969-05-09
Full Frequency,2014-02-17,Wickedest Style,2014-02-17,Jamal,Jones,1981-09-26
Full Frequency,2014-02-17,Wickedest Style,2014-02-17,James,Foye,1988-12-21
Full Frequency,2014-02-17,Wickedest Style,2014-02-17,Jason,"""Jigzagula""",1977-08-09
Full Frequency,2014-02-17,Wickedest Style,2014-02-17,Sean,Paul,1983-05-06
Full Frequency,2014-02-17,Want Dem All,2014-02-17,Benjamin,Levin,1982-11-10
Full Frequency,2014-02-17,Want Dem All,2014-02-17,Garfield,Spence,1974-01-26
Full Frequency,2014-02-17,Want Dem All,2014-02-17,Niles,Hollowell-Dhar,1974-06-15
Full Frequency,2014-02-17,Want Dem All,2014-02-17,Sean,Paul,1983-05-06
Full Frequency,2014-02-17,Turn It Up,2014-02-17,David,Listenbee,1986-11-14
Full Frequency,2014-02-17,Turn It Up,2014-02-17,Jordan,Orvosh,1982-12-30
Full Frequency,2014-02-17,Turn It Up,2014-02-17,Joshua,Coleman,1971-01-01
Full Frequency,2014-02-17,Turn It Up,2014-02-17,Sean,Paul,1983-05-06
Full Frequency,2014-02-17,Take It Low,2014-02-17,Jason,"""Jigzagula""",1977-08-09
Full Frequency,2014-02-17,Take It Low,2014-02-17,Nicholas,Bennett,1990-08-31
Full Frequency,2014-02-17,Take It Low,2014-02-17,Sean,Paul,1983-05-06
Full Frequency,2014-02-17,Take It Low,2014-02-17,Shaun,Anderson,1975-09-11
Full Frequency,2014-02-17,Riot,2014-02-17,Bunny,Lee,1990-11-05
Full Frequency,2014-02-17,Riot,2014-02-17,Damian,Marley,1975-08-13
Full Frequency,2014-02-17,Riot,2014-02-17,Johnny,Clarke,1974-03-05
Full Frequency,2014-02-17,Riot,2014-02-17,Philip,"""Hardwork""",1979-03-30
Full Frequency,2014-02-17,Riot,2014-02-17,Sean,Paul,1983-05-06
Full Frequency,2014-02-17,Pornstar,2014-02-17,Maddison,Grey,1980-05-06
Full Frequency,2014-02-17,Pornstar,2014-02-17,Philip,"""Hardwork""",1979-03-30
Full Frequency,2014-02-17,Pornstar,2014-02-17,Sean,Paul,1983-05-06
Full Frequency,2014-02-17,Pornstar,2014-02-17,Toby,Gad,1986-04-20
Full Frequency,2014-02-17,Other Side of Love,2014-02-17,Benjamin,Levin,1982-11-10
Full Frequency,2014-02-17,Other Side of Love,2014-02-17,Niles,Hollowell-Dhar,1974-06-15
Full Frequency,2014-02-17,Other Side of Love,2014-02-17,Sean,Paul,1983-05-06
Full Frequency,2014-02-17,Lights On,2014-02-17,Aliaune,"""Akon""",1989-12-11
Full Frequency,2014-02-17,Lights On,2014-02-17,Giorgio,Tuinfort,1988-08-20
Full Frequency,2014-02-17,Lights On,2014-02-17,Jason,"""Jigzagula""",1977-08-09
Full Frequency,2014-02-17,Lights On,2014-02-17,Sean,Paul,1983-05-06
Full Frequency,2014-02-17,Legacy,2014-02-17,Amanda,Warner,1969-10-29
Full Frequency,2014-02-17,Legacy,2014-02-17,Fernando,Garibay,1986-10-11
Full Frequency,2014-02-17,Legacy,2014-02-17,Sean,Paul,1983-05-06
Full Frequency,2014-02-17,It's Your Life,2014-02-17,Ester,Dean,1984-08-21
Full Frequency,2014-02-17,It's Your Life,2014-02-17,Jason,"""Jigzagula""",1977-08-09
Full Frequency,2014-02-17,It's Your Life,2014-02-17,Mikkel,S.,1976-07-18
Full Frequency,2014-02-17,It's Your Life,2014-02-17,Ricardo,Johnson,1973-07-10
Full Frequency,2014-02-17,It's Your Life,2014-02-17,Sean,Paul,1983-05-06
Full Frequency,2014-02-17,It's Your Life,2014-02-17,Tor,Erik,1978-12-06
Full Frequency,2014-02-17,Hey Baby,2014-02-17,Sean,Paul,1983-05-06
Full Frequency,2014-02-17,Hey Baby,2014-02-17,Toby,Gad,1986-04-20
Full Frequency,2014-02-17,Hey Baby,2014-02-17,Wayne,Hector,1969-05-25
Full Frequency,2014-02-17,Entertainment 2.0,2014-02-17,Brandon,Green,1982-11-09
Full Frequency,2014-02-17,Entertainment 2.0,2014-02-17,Jordan,Houston,1989-05-30
Full Frequency,2014-02-17,Entertainment 2.0,2014-02-17,Jovan,Williams,1987-10-18
Full Frequency,2014-02-17,Entertainment 2.0,2014-02-17,Onika,Maraj,1979-10-04
Full Frequency,2014-02-17,Entertainment 2.0,2014-02-17,Ronald,Ferebee,1984-05-16
Full Frequency,2014-02-17,Entertainment 2.0,2014-02-17,Sean,Paul,1983-05-06
Full Frequency,2014-02-17,Entertainment 2.0,2014-02-17,Tauheed,Epps,1985-09-18
Full Frequency,2014-02-17,Entertainment 2.0,2014-02-17,Tony,Scales,1988-07-04
Full Frequency,2014-02-17,Dangerous Ground,2014-02-17,Geoffrey,"""Royce""",1980-02-10
Full Frequency,2014-02-17,Dangerous Ground,2014-02-17,Jason,"""Jigzagula""",1977-08-09
Full Frequency,2014-02-17,Dangerous Ground,2014-02-17,Jeremiah,Bethea,1981-12-20
Full Frequency,2014-02-17,Dangerous Ground,2014-02-17,Philip,"""Hardwork""",1979-03-30
Full Frequency,2014-02-17,Dangerous Ground,2014-02-17,Sean,Paul,1983-05-06
Full Frequency,2014-02-17,Anyday,2014-02-17,Donovan,"""Vendetta""",1972-03-10
Full Frequency,2014-02-17,Anyday,2014-02-17,Nicholas,Bennett,1990-08-31
Full Frequency,2014-02-17,Anyday,2014-02-17,Sean,Paul,1983-05-06
Full Frequency,2014-02-17,Anyday,2014-02-17,Sean,Roberts,1975-06-29
FutureSex/LoveSounds,2006-09-12,What Goes Around... Comes Around,2006-09-12,Justin,Timberlake,1988-09-06
FutureSex/LoveSounds,2006-09-12,What Goes Around... Comes Around,2006-09-12,Tim,Mosley,1972-08-02
FutureSex/LoveSounds,2006-09-12,Until the End of Time,2006-09-12,Justin,Timberlake,1988-09-06
FutureSex/LoveSounds,2006-09-12,Until the End of Time,2006-09-12,Tim,Mosley,1972-08-02
FutureSex/LoveSounds,2006-09-12,Summer Love,2006-09-12,Justin,Timberlake,1988-09-06
FutureSex/LoveSounds,2006-09-12,Summer Love,2006-09-12,Tim,Mosley,1972-08-02
FutureSex/LoveSounds,2006-09-12,SexyBack,2006-09-12,Tim,Mosley,1972-08-02
FutureSex/LoveSounds,2006-09-12,Sexy Ladies,2006-09-12,Justin,Timberlake,1988-09-06
FutureSex/LoveSounds,2006-09-12,Sexy Ladies,2006-09-12,Tim,Mosley,1972-08-02
FutureSex/LoveSounds,2006-09-12,My Love,2006-09-12,Justin,Timberlake,1988-09-06
FutureSex/LoveSounds,2006-09-12,My Love,2006-09-12,Tim,Mosley,1972-08-02
FutureSex/LoveSounds,2006-09-12,Lovestoned,2006-09-12,Justin,Timberlake,1988-09-06
FutureSex/LoveSounds,2006-09-12,Lovestoned,2006-09-12,Tim,Mosley,1972-08-02
FutureSex/LoveSounds,2006-09-12,Losing My Way,2006-09-12,Justin,Timberlake,1988-09-06
FutureSex/LoveSounds,2006-09-12,Losing My Way,2006-09-12,Tim,Mosley,1972-08-02
FutureSex/LoveSounds,2006-09-12,FutureSex/LoveSound,2006-09-12,Justin,Timberlake,1988-09-06
FutureSex/LoveSounds,2006-09-12,FutureSex/LoveSound,2006-09-12,Tim,Mosley,1972-08-02
FutureSex/LoveSounds,2006-09-12,Damn Girl,2006-09-12,Justin,Timberlake,1988-09-06
FutureSex/LoveSounds,2006-09-12,Chop Me Up,2006-09-12,Justin,Timberlake,1988-09-06
FutureSex/LoveSounds,2006-09-12,Chop Me Up,2006-09-12,Tim,Mosley,1972-08-02
FutureSex/LoveSounds,2006-09-12,(Another Song) All Over Again,2006-09-12,Justin,Timberlake,1988-09-06
Get Up!,2013-01-29,You Found Another Lover (I Lost Another Friend),2013-01-29,Ben,Harper,1977-10-16
Get Up!,2013-01-29,We Can't End This Way,2013-01-29,Ben,Harper,1977-10-16
Get Up!,2013-01-29,She Got Kick,2013-01-29,Ben,Harper,1977-10-16
Get Up!,2013-01-29,She Got Kick,2013-01-29,Jason,Mozersky,1982-01-27
Get Up!,2013-01-29,"I'm In, I'm Out, I'm Gone",2013-01-29,Ben,Harper,1977-10-16
Get Up!,2013-01-29,"I'm In, I'm Out, I'm Gone",2013-01-29,Jason,Mozersky,1982-01-27
Get Up!,2013-01-29,I Ride at Dawn,2013-01-29,Ben,Harper,1977-10-16
Get Up!,2013-01-29,I Ride at Dawn,2013-01-29,Jesse,Ingalls,1981-10-12
Get Up!,2013-01-29,I Don't Believe a Word You Say,2013-01-29,Ben,Harper,1977-10-16
Get Up!,2013-01-29,Get Up!,2013-01-29,Ben,Harper,1977-10-16
Get Up!,2013-01-29,Get Up!,2013-01-29,Jesse,Ingalls,1981-10-12
Get Up!,2013-01-29,Don't Look Twice,2013-01-29,Ben,Harper,1977-10-16
Get Up!,2013-01-29,Blood Side Out,2013-01-29,Ben,Harper,1977-10-16
Get Up!,2013-01-29,Blood Side Out,2013-01-29,Jason,Mozersky,1982-01-27
Get Up!,2013-01-29,All That Matters Now,2013-01-29,Ben,Harper,1977-10-16
Get Up!,2013-01-29,All That Matters Now,2013-01-29,Jason,Mozersky,1982-01-27
Global Warming,2012-11-19,Tchu Tchu Tcha,2012-11-19,Armando,Christian,1986-03-13
Global Warming,2012-11-19,Tchu Tchu Tcha,2012-11-19,Enrique,Iglesias,1968-05-26
Global Warming,2012-11-19,Tchu Tchu Tcha,2012-11-19,Pierre-Antoine,Melki,1979-11-15
Global Warming,2012-11-19,Tchu Tchu Tcha,2012-11-19,Shylton,Fernandes,1972-03-05
Global Warming,2012-11-19,Party Ain't Over,2012-11-19,Armando,Christian,1986-03-13
Global Warming,2012-11-19,Party Ain't Over,2012-11-19,Earl,Hayes,1973-09-05
Global Warming,2012-11-19,Party Ain't Over,2012-11-19,Jamal,Jones,1981-09-26
Global Warming,2012-11-19,Party Ain't Over,2012-11-19,Nick,VanDeWallVanDeWall,1972-06-27
Global Warming,2012-11-19,Party Ain't Over,2012-11-19,Urales,Vargas,1974-05-31
Global Warming,2012-11-19,Party Ain't Over,2012-11-19,Usher,Raymond,1988-01-01
Global Warming,2012-11-19,Outta Nowhere,2012-11-19,Armando,Christian,1986-03-13
Global Warming,2012-11-19,Outta Nowhere,2012-11-19,Daniel,Murcia,1968-01-15
Global Warming,2012-11-19,Last Night,2012-11-19,Anthony,Preston,1978-02-01
Global Warming,2012-11-19,Last Night,2012-11-19,Armando,Christian,1986-03-13
Global Warming,2012-11-19,Last Night,2012-11-19,Nick,VanDeWallVanDeWall,1972-06-27
Global Warming,2012-11-19,Last Night,2012-11-19,Urales,Vargas,1974-05-31
Global Warming,2012-11-19,I'm Off That,2012-11-19,Adrian,Trejo,1987-04-26
Global Warming,2012-11-19,I'm Off That,2012-11-19,Armando,Christian,1986-03-13
Global Warming,2012-11-19,I'm Off That,2012-11-19,Frank,Rodriguez,1968-03-26
Global Warming,2012-11-19,I'm Off That,2012-11-19,Jorge,Gomez,1982-09-11
Global Warming,2012-11-19,I'm Off That,2012-11-19,Nick,VanDeWallVanDeWall,1972-06-27
Global Warming,2012-11-19,I'm Off That,2012-11-19,Urales,Vargas,1974-05-31
Global Warming,2012-11-19,Hope We Meet Again,2012-11-19,Adam,Messinger,1975-02-17
Global Warming,2012-11-19,Hope We Meet Again,2012-11-19,Armando,Christian,1986-03-13
Global Warming,2012-11-19,Hope We Meet Again,2012-11-19,Chris,Brown,1971-01-14
Global Warming,2012-11-19,Hope We Meet Again,2012-11-19,Nasri,Atweh,1981-03-03
Global Warming,2012-11-19,Hope We Meet Again,2012-11-19,Nolan,Lambroza,1970-08-24
Global Warming,2012-11-19,Hope We Meet Again,2012-11-19,Urales,Vargas,1974-05-31
Global Warming,2012-11-19,Have Some Fun,2012-11-19,Armando,Christian,1986-03-13
Global Warming,2012-11-19,Have Some Fun,2012-11-19,Bill,Bottrell,1970-10-09
Global Warming,2012-11-19,Have Some Fun,2012-11-19,Daniel,Murcia,1968-01-15
Global Warming,2012-11-19,Have Some Fun,2012-11-19,David,Baerwald,1977-08-02
Global Warming,2012-11-19,Have Some Fun,2012-11-19,Kevin,Gilbert,1968-06-12
Global Warming,2012-11-19,Have Some Fun,2012-11-19,Nick,VanDeWallVanDeWall,1972-06-27
Global Warming,2012-11-19,Have Some Fun,2012-11-19,Sheryl,Crow,1977-02-28
Global Warming,2012-11-19,Have Some Fun,2012-11-19,Urales,Vargas,1974-05-31
Global Warming,2012-11-19,Have Some Fun,2012-11-19,Wyn,Cooper,1971-03-19
Global Warming,2012-11-19,Global Warming,2012-11-19,Antonio,Monge,1980-03-05
Global Warming,2012-11-19,Global Warming,2012-11-19,Armando,Christian,1986-03-13
Global Warming,2012-11-19,Global Warming,2012-11-19,Jean-Christopher,Ritter,1979-03-21
Global Warming,2012-11-19,Global Warming,2012-11-19,Rafael,Ruiz,1975-10-03
Global Warming,2012-11-19,Global Warming,2012-11-19,Urales,Vargas,1974-05-31
Global Warming,2012-11-19,Global Warming,2012-11-19,William,Reyna,1973-02-25
Global Warming,2012-11-19,Feel This Moment,2012-11-19,Adam,Messinger,1975-02-17
Global Warming,2012-11-19,Feel This Moment,2012-11-19,Armando,Christian,1986-03-13
Global Warming,2012-11-19,Feel This Moment,2012-11-19,Christina,Aguilera,1972-09-15
Global Warming,2012-11-19,Feel This Moment,2012-11-19,Magne,Furholmen,1968-03-17
Global Warming,2012-11-19,Feel This Moment,2012-11-19,Morten,Harket,1988-12-06
Global Warming,2012-11-19,Feel This Moment,2012-11-19,Nasri,Atweh,1981-03-03
Global Warming,2012-11-19,Feel This Moment,2012-11-19,Nolan,Lambroza,1970-08-24
Global Warming,2012-11-19,Feel This Moment,2012-11-19,Urales,Vargas,1974-05-31
Global Warming,2012-11-19,Drinks for You (Ladies Anthem),2012-11-19,Armando,Christian,1986-03-13
Global Warming,2012-11-19,Drinks for You (Ladies Anthem),2012-11-19,Daniel,Woodis,1983-11-10
Global Warming,2012-11-19,Drinks for You (Ladies Anthem),2012-11-19,Jennifer,Lopez,1978-07-27
Global Warming,2012-11-19,Drinks for You (Ladies Anthem),2012-11-19,Monica,Rush,1970-01-14
Global Warming,2012-11-19,Drinks for You (Ladies Anthem),2012-11-19,Urales,Vargas,1974-05-31
Global Warming,2012-11-19,Don't Stop the Party,2012-11-19,Armando,Christian,1986-03-13
Global Warming,2012-11-19,Don't Stop the Party,2012-11-19,Frederick,Hibbert,1975-03-22
Global Warming,2012-11-19,Don't Stop the Party,2012-11-19,Jorge,Gomez,1982-09-11
Global Warming,2012-11-19,Don't Stop the Party,2012-11-19,Warwick,Lynn,1985-04-01
Global Warming,2012-11-19,Back in Time [From Men in Black 3],2012-11-19,Adrian,Trejo,1987-04-26
Global Warming,2012-11-19,Back in Time [From Men in Black 3],2012-11-19,Armando,Christian,1986-03-13
Global Warming,2012-11-19,Back in Time [From Men in Black 3],2012-11-19,Ellas,McDaniel,1984-08-16
Global Warming,2012-11-19,Back in Time [From Men in Black 3],2012-11-19,Marc,Kinchen,1987-05-14
Global Warming,2012-11-19,Back in Time [From Men in Black 3],2012-11-19,Mickey,Baker,1974-03-27
Global Warming,2012-11-19,Back in Time [From Men in Black 3],2012-11-19,Sylvia,Robinson,1987-01-11
Global Warming,2012-11-19,Back in Time [From Men in Black 3],2012-11-19,Urales,Vargas,1974-05-31
Keeps Gettin' Better,2008-11-03,Keeps Gettin' Better,2008-11-03,Christina,Aguilera,1972-09-15
Keeps Gettin' Better,2008-11-03,Keeps Gettin' Better,2008-11-03,Linda,Perry,1978-01-25
Like a Prayer,2009-11-24,Till Death Do Us Part,2009-11-24,M.,Madonna,1968-03-02
Like a Prayer,2009-11-24,Till Death Do Us Part,2009-11-24,Patrick,Leonard,1972-06-22
Like a Prayer,2009-11-24,Spanish Eyes,2009-11-24,M.,Madonna,1968-03-02
Like a Prayer,2009-11-24,Spanish Eyes,2009-11-24,Patrick,Leonard,1972-06-22
Like a Prayer,2009-11-24,Promise to Try,2009-11-24,M.,Madonna,1968-03-02
Like a Prayer,2009-11-24,Promise to Try,2009-11-24,Patrick,Leonard,1972-06-22
Like a Prayer,2009-11-24,Oh Father,2009-11-24,M.,Madonna,1968-03-02
Like a Prayer,2009-11-24,Oh Father,2009-11-24,Patrick,Leonard,1972-06-22
Like a Prayer,2009-11-24,Love Song,2009-11-24,M.,Madonna,1968-03-02
Like a Prayer,2009-11-24,Love Song,2009-11-24,Priscilla,Hamilton,1989-11-14
Like a Prayer,2009-11-24,Like a Prayer,2009-11-24,M.,Madonna,1968-03-02
Like a Prayer,2009-11-24,Like a Prayer,2009-11-24,Patrick,Leonard,1972-06-22
Like a Prayer,2009-11-24,Keep It Together,2009-11-24,M.,Madonna,1968-03-02
Like a Prayer,2009-11-24,Keep It Together,2009-11-24,Stephen,Bray,1975-12-05
Like a Prayer,2009-11-24,Express Yourself,2009-11-24,M.,Madonna,1968-03-02
Like a Prayer,2009-11-24,Express Yourself,2009-11-24,Stephen,Bray,1975-12-05
Like a Prayer,2009-11-24,Dear Jessie,2009-11-24,M.,Madonna,1968-03-02
Like a Prayer,2009-11-24,Dear Jessie,2009-11-24,Patrick,Leonard,1972-06-22
Like a Prayer,2009-11-24,Cherish,2009-11-24,M.,Madonna,1968-03-02
Like a Prayer,2009-11-24,Cherish,2009-11-24,Patrick,Leonard,1972-06-22
Like a Prayer,2009-11-24,Act of Contrition,2009-11-24,Magne,Furholmen,1968-03-17
Like a Prayer,2009-11-24,Act of Contrition,2009-11-24,Patrick,Leonard,1972-06-22
Like a Virgin,1984-11-12,Stay,1984-11-12,M.,Madonna,1968-03-02
Like a Virgin,1984-11-12,Stay,1984-11-12,Stephen,Bray,1975-12-05
Like a Virgin,1984-11-12,Shoo-Bee-Doo,1984-11-12,M.,Madonna,1968-03-02
Like a Virgin,1984-11-12,Pretender,1984-11-12,M.,Madonna,1968-03-02
Like a Virgin,1984-11-12,Pretender,1984-11-12,Stephen,Bray,1975-12-05
Like a Virgin,1984-11-12,Over and Over,1984-11-12,M.,Madonna,1968-03-02
Like a Virgin,1984-11-12,Over and Over,1984-11-12,Stephen,Bray,1975-12-05
Like a Virgin,1984-11-12,Material Girl,1984-11-12,Peter,Brown,1980-08-01
Like a Virgin,1984-11-12,Material Girl,1984-11-12,Robert,Rans,1982-04-03
Like a Virgin,1984-11-12,Love Don't Live Here Anymore,1984-11-12,Miles,Gregory,1988-01-28
Like a Virgin,1984-11-12,Like a Virgin,1984-11-12,Billy,Steinberg,1984-01-31
Like a Virgin,1984-11-12,Like a Virgin,1984-11-12,Tom,Kelly,1986-05-30
Like a Virgin,1984-11-12,Into the Groove,1984-11-12,M.,Madonna,1968-03-02
Like a Virgin,1984-11-12,Into the Groove,1984-11-12,Stephen,Bray,1975-12-05
Like a Virgin,1984-11-12,Dress You Up,1984-11-12,Andrea,LaRusso,1975-08-11
Like a Virgin,1984-11-12,Dress You Up,1984-11-12,Peggy,Stanziale,1976-03-28
Like a Virgin,1984-11-12,Angel,1984-11-12,M.,Madonna,1968-03-02
Like a Virgin,1984-11-12,Angel,1984-11-12,Stephen,Bray,1975-12-05
Live,2008-02-19,You Are My Sunshine,2008-02-19,Jimmie,Davis,1988-11-14
Live,2008-02-19,Why I Sing the Blues,2008-02-19,B.B.,King,1973-06-25
Live,2008-02-19,When the Saints Go Marching In,2008-02-19,T.,Traditional,1987-01-05
Live,2008-02-19,When Love Comes to Town,2008-02-19,Adam,Clayton,1971-06-14
Live,2008-02-19,When Love Comes to Town,2008-02-19,Dr.,David,1990-02-11
Live,2008-02-19,When Love Comes to Town,2008-02-19,Paul,Hewson,1981-10-26
Live,2008-02-19,The Thrill Is Gone,2008-02-19,Rick,Darnell,1969-10-18
Live,2008-02-19,The Thrill Is Gone,2008-02-19,Roy,Hawkins,1972-02-02
Live,2008-02-19,Rock Me Baby,2008-02-19,B.B.,King,1973-06-25
Live,2008-02-19,Mr. King Comes on Stage,2008-02-19,B.B.,GeorgeKingBluesBand,1979-08-10
Live,2008-02-19,Key to the Highway,2008-02-19,Charles,Segar,1990-10-04
Live,2008-02-19,Key to the Highway,2008-02-19,William,OrbitLeeConleyBroonzy,1969-05-09
Live,2008-02-19,I Need You So,2008-02-19,Ivory,Joe,1976-11-23
Live,2008-02-19,Blues Man,2008-02-19,B.B.,King,1973-06-25
Live,2008-02-19,Bad Case of Love,2008-02-19,B.B.,King,1973-06-25
Live,2008-02-19,All Over Again,2008-02-19,B.B.,King,1973-06-25
Live,2008-02-19,All Over Again,2008-02-19,Clifford,Adams,1975-07-27
Live at the Regal,2009-11-24,You Upset Me Baby,2009-11-24,B.B.,King,1973-06-25
Live at the Regal,2009-11-24,You Upset Me Baby,2009-11-24,Jules,Taub,1975-09-03
Live at the Regal,2009-11-24,You Upset Me Baby,2009-11-24,Riley,King,1971-12-03
Live at the Regal,2009-11-24,You Done Lost Your Good Thing Now,2009-11-24,B.B.,King,1973-06-25
Live at the Regal,2009-11-24,You Done Lost Your Good Thing Now,2009-11-24,Riley,King,1971-12-03
Live at the Regal,2009-11-24,"Worry, Worry",2009-11-24,Jules,Taub,1975-09-03
Live at the Regal,2009-11-24,"Worry, Worry",2009-11-24,Pluma,Davis,1989-08-09
Live at the Regal,2009-11-24,Woke Up This Morning (My Baby's Gone),2009-11-24,B.B.,King,1973-06-25
Live at the Regal,2009-11-24,Woke Up This Morning (My Baby's Gone),2009-11-24,Jules,Taub,1975-09-03
Live at the Regal,2009-11-24,Sweet Little Angel,2009-11-24,B.B.,King,1973-06-25
Live at the Regal,2009-11-24,Sweet Little Angel,2009-11-24,Jules,Taub,1975-09-03
Live at the Regal,2009-11-24,Sweet Little Angel,2009-11-24,Riley,King,1971-12-03
Live at the Regal,2009-11-24,Please Love Me,2009-11-24,B.B.,King,1973-06-25
Live at the Regal,2009-11-24,Please Love Me,2009-11-24,Jules,Taub,1975-09-03
Live at the Regal,2009-11-24,It's My Own Fault,2009-11-24,John,Lee,1970-05-23
Live at the Regal,2009-11-24,It's My Own Fault,2009-11-24,Jules,Taub,1975-09-03
Live at the Regal,2009-11-24,It's My Own Fault,2009-11-24,Riley,King,1971-12-03
Live at the Regal,2009-11-24,How Blue Can You Get?,2009-11-24,Jane,Feather,1986-01-15
Live at the Regal,2009-11-24,How Blue Can You Get?,2009-11-24,Leonard,Feather,1973-06-23
Live at the Regal,2009-11-24,Help the Poor,2009-11-24,Charlie,Singleton,1978-03-24
Live at the Regal,2009-11-24,Every Day I Have the Blues,2009-11-24,Memphis,Slim,1974-11-12
Live at the Regal,2009-11-24,Every Day I Have the Blues,2009-11-24,Peter,Chatman,1969-11-20
Live at the Royal Albert Hall 2011,2012-03-20,You Are My Sunshine,2012-03-20,T.,Traditional,1987-01-05
Live at the Royal Albert Hall 2011,2012-03-20,When the Saints Go Marching In,2012-03-20,T.,Traditional,1987-01-05
Live at the Royal Albert Hall 2011,2012-03-20,The Thrill Is Gone,2012-03-20,T.,Traditional,1987-01-05
Live at the Royal Albert Hall 2011,2012-03-20,See That My Grave Is Kept Clean,2012-03-20,T.,Traditional,1987-01-05
Live at the Royal Albert Hall 2011,2012-03-20,Rock Me Baby,2012-03-20,T.,Traditional,1987-01-05
Live at the Royal Albert Hall 2011,2012-03-20,Key to the Highway,2012-03-20,T.,Traditional,1987-01-05
Live at the Royal Albert Hall 2011,2012-03-20,I Need You So,2012-03-20,T.,Traditional,1987-01-05
Live at the Royal Albert Hall 2011,2012-03-20,Guess Who,2012-03-20,T.,Traditional,1987-01-05
Live at the Royal Albert Hall 2011,2012-03-20,B.B. Jams with Guests,2012-03-20,T.,Traditional,1987-01-05
Live at the Royal Albert Hall 2011,2012-03-20,All Over Again,2012-03-20,T.,Traditional,1987-01-05
Live from the Montreal International Jazz Festival,2010-03-09,Why Must You Always Dress in Black,2010-03-09,Ben,Harper,1977-10-16
Live from the Montreal International Jazz Festival,2010-03-09,Up to You Now,2010-03-09,Ben,Harper,1977-10-16
Live from the Montreal International Jazz Festival,2010-03-09,Under Pressure,2010-03-09,David,Bowie,1989-09-16
Live from the Montreal International Jazz Festival,2010-03-09,Under Pressure,2010-03-09,Freddie,Mercury,1987-10-15
Live from the Montreal International Jazz Festival,2010-03-09,Under Pressure,2010-03-09,J.,Deacon,1972-03-25
Live from the Montreal International Jazz Festival,2010-03-09,Skin Thin,2010-03-09,Ben,Harper,1977-10-16
Live from the Montreal International Jazz Festival,2010-03-09,Shimmer & Shine,2010-03-09,Ben,Harper,1977-10-16
Live from the Montreal International Jazz Festival,2010-03-09,Serve Your Soul,2010-03-09,Ben,Harper,1977-10-16
Live from the Montreal International Jazz Festival,2010-03-09,Red House,2010-03-09,Jimi,Hendrix,1972-01-18
Live from the Montreal International Jazz Festival,2010-03-09,Number with No Name,2010-03-09,Ben,Harper,1977-10-16
Live from the Montreal International Jazz Festival,2010-03-09,Lay There & Hate Me,2010-03-09,Ben,Harper,1977-10-16
Live from the Montreal International Jazz Festival,2010-03-09,Keep It Together (So I Can Fall Apart),2010-03-09,Ben,Harper,1977-10-16
Live from the Montreal International Jazz Festival,2010-03-09,Fly One Time,2010-03-09,Ben,Harper,1977-10-16
Live from the Montreal International Jazz Festival,2010-03-09,Faster Slower Disappear Come Around,2010-03-09,Ben,Harper,1977-10-16
Live from the Montreal International Jazz Festival,2010-03-09,Faster Slower Disappear Come Around,2010-03-09,J.,Richardson,1971-12-18
Live from the Montreal International Jazz Festival,2010-03-09,Faithfully Remain,2010-03-09,Ben,Harper,1977-10-16
Live from the Montreal International Jazz Festival,2010-03-09,Boots Like These,2010-03-09,Ben,Harper,1977-10-16
Live from the Montreal International Jazz Festival,2010-03-09,Boots Like These,2010-03-09,J.,Richardson,1971-12-18
Live from the Montreal International Jazz Festival,2010-03-09,Another Lonely Day,2010-03-09,Ben,Harper,1977-10-16
Lotus,2012-11-12,Your Body,2012-11-12,S.,Shellback,1980-09-10
Lotus,2012-11-12,Your Body,2012-11-12,Tiffany,Amber,1983-12-07
Lotus,2012-11-12,Sing for Me,2012-11-12,Aeon,"""Step""",1981-01-22
Lotus,2012-11-12,Sing for Me,2012-11-12,Christina,Aguilera,1972-09-15
Lotus,2012-11-12,Sing for Me,2012-11-12,Virginia,Blackmore,1987-07-15
Lotus,2012-11-12,Red Hot Kinda Love,2012-11-12,Christina,Aguilera,1972-09-15
Lotus,2012-11-12,Red Hot Kinda Love,2012-11-12,Lucas,Secon,1975-07-14
Lotus,2012-11-12,Red Hot Kinda Love,2012-11-12,Olivia,Waithe,1987-08-28
Lotus,2012-11-12,Make the World Move,2012-11-12,Alexander,Grant,1982-11-25
Lotus,2012-11-12,Make the World Move,2012-11-12,Armando,Trovajoli,1974-09-22
Lotus,2012-11-12,Make the World Move,2012-11-12,Candice,Pillay,1984-02-08
Lotus,2012-11-12,Make the World Move,2012-11-12,Dwayne,Abernathy,1979-04-18
Lotus,2012-11-12,Make the World Move,2012-11-12,Jayson,DeZuzio,1973-03-16
Lotus,2012-11-12,Make the World Move,2012-11-12,Mike,Del,1988-10-23
Lotus,2012-11-12,Lotus Intro,2012-11-12,Alexander,Grant,1982-11-25
Lotus,2012-11-12,Lotus Intro,2012-11-12,Candice,Pillay,1984-02-08
Lotus,2012-11-12,Lotus Intro,2012-11-12,Christina,Aguilera,1972-09-15
Lotus,2012-11-12,Lotus Intro,2012-11-12,Dwayne,Abernathy,1979-04-18
Lotus,2012-11-12,Let There Be Love,2012-11-12,Bonnie,McKee,1985-06-19
Lotus,2012-11-12,Let There Be Love,2012-11-12,Jakke,Erixson,1984-03-21
Lotus,2012-11-12,Let There Be Love,2012-11-12,Max,Martin,1969-06-18
Lotus,2012-11-12,Let There Be Love,2012-11-12,Oliver,Goldstein,1969-05-27
Lotus,2012-11-12,Let There Be Love,2012-11-12,Oscar,Holter,1989-06-21
Lotus,2012-11-12,Let There Be Love,2012-11-12,Savan,Kotecha,1983-07-01
Lotus,2012-11-12,Let There Be Love,2012-11-12,S.,Shellback,1980-09-10
Lotus,2012-11-12,Just a Fool,2012-11-12,Claude,Kelly,1986-02-13
Lotus,2012-11-12,Just a Fool,2012-11-12,Steve,Robson,1984-06-08
Lotus,2012-11-12,Just a Fool,2012-11-12,Wayne,Hector,1969-05-25
Lotus,2012-11-12,Circles,2012-11-12,Alexander,Grant,1982-11-25
Lotus,2012-11-12,Circles,2012-11-12,Candice,Pillay,1984-02-08
Lotus,2012-11-12,Circles,2012-11-12,Christina,Aguilera,1972-09-15
Lotus,2012-11-12,Circles,2012-11-12,Dwayne,Abernathy,1979-04-18
Lotus,2012-11-12,Cease Fire,2012-11-12,Alexander,Grant,1982-11-25
Lotus,2012-11-12,Cease Fire,2012-11-12,Candice,Pillay,1984-02-08
Lotus,2012-11-12,Cease Fire,2012-11-12,Christina,Aguilera,1972-09-15
Lotus,2012-11-12,Blank Page,2012-11-12,Chris,Braide,1968-08-28
Lotus,2012-11-12,Blank Page,2012-11-12,Christina,Aguilera,1972-09-15
Lotus,2012-11-12,Blank Page,2012-11-12,Sia,Furler,1976-07-15
Lotus,2012-11-12,Best of Me,2012-11-12,Alexander,Grant,1982-11-25
Lotus,2012-11-12,Best of Me,2012-11-12,Candice,Pillay,1984-02-08
Lotus,2012-11-12,Best of Me,2012-11-12,Christina,Aguilera,1972-09-15
Lotus,2012-11-12,Best of Me,2012-11-12,Jayson,DeZuzio,1973-03-16
Lotus,2012-11-12,Around the World,2012-11-12,Ali,Tamposi,1986-04-02
Lotus,2012-11-12,Around the World,2012-11-12,Christina,Aguilera,1972-09-15
Lotus,2012-11-12,Around the World,2012-11-12,Dwayne,"Abernathy""SupaDups""ChinQuee",1979-04-18
Lotus,2012-11-12,Around the World,2012-11-12,Jason,Gilbert,1989-03-29
Lotus,2012-11-12,Army of Me,2012-11-12,Christina,Aguilera,1972-09-15
Lotus,2012-11-12,Army of Me,2012-11-12,David,Glass,1971-09-13
Lotus,2012-11-12,Army of Me,2012-11-12,Jamie,Hartman,1983-11-04
Lotus,2012-11-12,Army of Me,2012-11-12,Phil,Bentley,1984-07-08
Makin' Love Is Good for You,2000-04-25,You're on Top,2000-04-25,Riley,King,1971-12-03
Makin' Love Is Good for You,2000-04-25,You're on Top,2000-04-25,Sam,Ling,1983-11-30
Makin' Love Is Good for You,2000-04-25,What You Bet,2000-04-25,George,Williams,1984-10-24
Makin' Love Is Good for You,2000-04-25,What You Bet,2000-04-25,Robert,Taylor,1988-03-31
Makin' Love Is Good for You,2000-04-25,Too Good to You Baby,2000-04-25,Riley,King,1971-12-03
Makin' Love Is Good for You,2000-04-25,Since I Fell for You,2000-04-25,Buddy,Johnson,1985-05-29
Makin' Love Is Good for You,2000-04-25,She's My Baby,2000-04-25,Riley,King,1971-12-03
Makin' Love Is Good for You,2000-04-25,She's My Baby,2000-04-25,Sonny,CowboyBoyWilliamsonII,1968-08-04
Makin' Love Is Good for You,2000-04-25,Peace of Mind,2000-04-25,Riley,King,1971-12-03
Makin' Love Is Good for You,2000-04-25,Monday Woman,2000-04-25,Willie,Mabon,1978-01-24
Makin' Love Is Good for You,2000-04-25,Makin' Love Is Good for You,2000-04-25,Tony,Joe,1976-12-30
Makin' Love Is Good for You,2000-04-25,I'm in the Wrong Business,2000-04-25,A.C.,Reed,1988-06-17
Makin' Love Is Good for You,2000-04-25,I Know,2000-04-25,Barbara,George,1971-06-15
Makin' Love Is Good for You,2000-04-25,I Got to Leave This Woman,2000-04-25,Mike,Jackson,1969-07-28
Makin' Love Is Good for You,2000-04-25,Don't Go No Farther,2000-04-25,Willie,Dixon,1990-08-21
Makin' Love Is Good for You,2000-04-25,Ain't Nobody Like My Baby,2000-04-25,Riley,King,1971-12-03
Makin' Love Is Good for You,2000-04-25,Actions Speak Louder Than Words,2000-04-25,Riley,King,1971-12-03
MDNA,2012-03-16,Turn Up the Radio,2012-03-16,Jade,Williams,1969-08-07
MDNA,2012-03-16,Turn Up the Radio,2012-03-16,M.,Madonna,1968-03-02
MDNA,2012-03-16,Turn Up the Radio,2012-03-16,Martin,Solveig,1982-09-20
MDNA,2012-03-16,Turn Up the Radio,2012-03-16,Michael,Tordjman,1975-05-05
MDNA,2012-03-16,Superstar,2012-03-16,Hardy,"""Indiigo""",1985-01-13
MDNA,2012-03-16,Superstar,2012-03-16,M.,Madonna,1968-03-02
MDNA,2012-03-16,Some Girls,2012-03-16,M.,Madonna,1968-03-02
MDNA,2012-03-16,Some Girls,2012-03-16,William,Orbit,1976-12-03
MDNA,2012-03-16,Masterpiece,2012-03-16,Jimmy,Harry,1981-06-17
MDNA,2012-03-16,Masterpiece,2012-03-16,Julie,Frost,1975-09-03
MDNA,2012-03-16,Masterpiece,2012-03-16,M.,Madonna,1968-03-02
MDNA,2012-03-16,Love Spent,2012-03-16,Alain,Whyte,1970-09-26
MDNA,2012-03-16,Love Spent,2012-03-16,Jean-Christopher,Ritter,1979-03-21
MDNA,2012-03-16,Love Spent,2012-03-16,M.,Madonna,1968-03-02
MDNA,2012-03-16,Love Spent,2012-03-16,Michael,McHenry,1972-10-31
MDNA,2012-03-16,Love Spent,2012-03-16,Priscilla,Hamilton,1989-11-14
MDNA,2012-03-16,Love Spent,2012-03-16,Ryan,Buendia,1972-06-11
MDNA,2012-03-16,Love Spent,2012-03-16,William,Orbit,1976-12-03
MDNA,2012-03-16,I'm Addicted,2012-03-16,Alessandro,"""Alle""",1981-04-21
MDNA,2012-03-16,I'm Addicted,2012-03-16,M.,Madonna,1968-03-02
MDNA,2012-03-16,I'm Addicted,2012-03-16,Marco,"""Benny""",1983-08-15
MDNA,2012-03-16,I'm a Sinner,2012-03-16,Jean,Baptiste,1981-02-05
MDNA,2012-03-16,I'm a Sinner,2012-03-16,M.,Madonna,1968-03-02
MDNA,2012-03-16,I'm a Sinner,2012-03-16,William,Orbit,1976-12-03
MDNA,2012-03-16,I Don't Give A,2012-03-16,Julien,Jabre,1985-05-23
MDNA,2012-03-16,I Don't Give A,2012-03-16,M.,Madonna,1968-03-02
MDNA,2012-03-16,I Don't Give A,2012-03-16,Martin,Solveig,1982-09-20
MDNA,2012-03-16,I Don't Give A,2012-03-16,Nicki,Minaj,1968-07-30
MDNA,2012-03-16,Give Me All Your Luvin',2012-03-16,M.,Madonna,1968-03-02
MDNA,2012-03-16,Give Me All Your Luvin',2012-03-16,Martin,Solveig,1982-09-20
MDNA,2012-03-16,Give Me All Your Luvin',2012-03-16,Maya,Arulpragasam,1981-03-18
MDNA,2012-03-16,Give Me All Your Luvin',2012-03-16,Michael,Tordjman,1975-05-05
MDNA,2012-03-16,Give Me All Your Luvin',2012-03-16,Nicki,Minaj,1968-07-30
MDNA,2012-03-16,Girl Gone Wild,2012-03-16,Alessandro,"""Alle""",1981-04-21
MDNA,2012-03-16,Girl Gone Wild,2012-03-16,Jenson,Vaughan,1971-04-10
MDNA,2012-03-16,Girl Gone Wild,2012-03-16,M.,Madonna,1968-03-02
MDNA,2012-03-16,Girl Gone Wild,2012-03-16,Marco,"""Benny""",1983-08-15
MDNA,2012-03-16,Gang Bang,2012-03-16,Don,"""Vendetta""JuanDemarco""Demo""Casanova",1987-08-14
MDNA,2012-03-16,Gang Bang,2012-03-16,Jean,Baptiste,1981-02-05
MDNA,2012-03-16,Gang Bang,2012-03-16,Keith,Harris,1970-01-29
MDNA,2012-03-16,Gang Bang,2012-03-16,M.,Madonna,1968-03-02
MDNA,2012-03-16,Gang Bang,2012-03-16,Priscilla,Hamilton,1989-11-14
MDNA,2012-03-16,Gang Bang,2012-03-16,Stephen,Kozmeniuk,1984-10-12
MDNA,2012-03-16,Gang Bang,2012-03-16,William,Orbit,1976-12-03
MDNA,2012-03-16,Falling Free,2012-03-16,Joe,Henry,1985-04-16
MDNA,2012-03-16,Falling Free,2012-03-16,Laurie,Mayer,1972-09-07
MDNA,2012-03-16,Falling Free,2012-03-16,M.,Madonna,1968-03-02
MDNA,2012-03-16,Falling Free,2012-03-16,William,Orbit,1976-12-03
Not Too Late,2007-01-30,Wish I Could,2007-01-30,Lee,Alexander,1969-01-16
Not Too Late,2007-01-30,Wish I Could,2007-01-30,Norah,Jones,1974-03-27
Not Too Late,2007-01-30,Wake Me Up,2007-01-30,Lee,Alexander,1969-01-16
Not Too Late,2007-01-30,Wake Me Up,2007-01-30,Norah,Jones,1974-03-27
Not Too Late,2007-01-30,Until the End,2007-01-30,Lee,Alexander,1969-01-16
Not Too Late,2007-01-30,Until the End,2007-01-30,Norah,Jones,1974-03-27
Not Too Late,2007-01-30,Thinking About You,2007-01-30,Ilhan,Ersahin,1985-08-13
Not Too Late,2007-01-30,Thinking About You,2007-01-30,Norah,Jones,1974-03-27
Not Too Late,2007-01-30,The Sun Doesn't Like You,2007-01-30,Lee,Alexander,1969-01-16
Not Too Late,2007-01-30,The Sun Doesn't Like You,2007-01-30,Norah,Jones,1974-03-27
Not Too Late,2007-01-30,Sinkin' Soon,2007-01-30,Lee,Alexander,1969-01-16
Not Too Late,2007-01-30,Sinkin' Soon,2007-01-30,Norah,Jones,1974-03-27
Not Too Late,2007-01-30,Rosie's Lullaby,2007-01-30,Daru,Oda,1983-10-20
Not Too Late,2007-01-30,Rosie's Lullaby,2007-01-30,Norah,Jones,1974-03-27
Not Too Late,2007-01-30,Not Too Late,2007-01-30,Lee,Alexander,1969-01-16
Not Too Late,2007-01-30,Not Too Late,2007-01-30,Norah,Jones,1974-03-27
Not Too Late,2007-01-30,Not My Friend,2007-01-30,Norah,Jones,1974-03-27
Not Too Late,2007-01-30,My Dear Country,2007-01-30,Norah,Jones,1974-03-27
Not Too Late,2007-01-30,Little Room,2007-01-30,Norah,Jones,1974-03-27
Not Too Late,2007-01-30,Broken,2007-01-30,Lee,Alexander,1969-01-16
Not Too Late,2007-01-30,Broken,2007-01-30,Norah,Jones,1974-03-27
Not Too Late,2007-01-30,Be My Somebody,2007-01-30,Norah,Jones,1974-03-27
Nothin But Love,2012-08-27,You Belong to Me,2012-08-27,Chilton,Price,1979-12-29
Nothin But Love,2012-08-27,You Belong to Me,2012-08-27,Pee,Wee,1968-02-18
Nothin But Love,2012-08-27,You Belong to Me,2012-08-27,Redd,Stewart,1978-11-12
Nothin But Love,2012-08-27,Worry,2012-08-27,Jim,Pugh,1974-06-16
Nothin But Love,2012-08-27,Worry,2012-08-27,Tony,Braunagel,1980-02-01
Nothin But Love,2012-08-27,Side Dish,2012-08-27,Robert,Cray,1989-04-12
Nothin But Love,2012-08-27,Sadder Days,2012-08-27,Robert,Cray,1989-04-12
Nothin But Love,2012-08-27,I'm Done Cryin',2012-08-27,Robert,Cray,1989-04-12
Nothin But Love,2012-08-27,I'll Always Remember You,2012-08-27,Jim,Pugh,1974-06-16
Nothin But Love,2012-08-27,Great Big Old House,2012-08-27,Robert,Cray,1989-04-12
Nothin But Love,2012-08-27,Fix This,2012-08-27,Robert,Cray,1989-04-12
Nothin But Love,2012-08-27,Blues Get Off My Shoulder,2012-08-27,Bobby,Parker,1990-04-28
Nothin But Love,2012-08-27,A Memo,2012-08-27,Hendrix,Ackle,1979-07-04
Nothin But Love,2012-08-27,A Memo,2012-08-27,Richard,Cousins,1972-07-28
Nothin But Love,2012-08-27,(Won't Be) Coming Home,2012-08-27,Hendrix,Ackle,1979-07-04
Nothin But Love,2012-08-27,(Won't Be) Coming Home,2012-08-27,Richard,Cousins,1972-07-28
One Kind Favor,2008-08-26,Waiting for Your Call,2008-08-26,T-Bone,Walker,1990-09-22
One Kind Favor,2008-08-26,Tomorrow Night,2008-08-26,Lonnie,Johnson,1980-03-29
One Kind Favor,2008-08-26,The World Gone Wrong,2008-08-26,Mississippi,Sheiks,1974-08-07
One Kind Favor,2008-08-26,Sitting on Top of the World,2008-08-26,Mississippi,Sheiks,1974-08-07
One Kind Favor,2008-08-26,See That My Grave Is Kept Clean,2008-08-26,Furry,Lewis,1977-09-15
One Kind Favor,2008-08-26,My Love Is Down,2008-08-26,Lonnie,Johnson,1980-03-29
One Kind Favor,2008-08-26,Midnight Blues,2008-08-26,Mississippi,Sheiks,1974-08-07
One Kind Favor,2008-08-26,I Get So Weary,2008-08-26,Furry,Lewis,1977-09-15
One Kind Favor,2008-08-26,How Many More Years,2008-08-26,Chester,Burnett,1988-10-16
One Kind Favor,2008-08-26,Get These Blues off Me,2008-08-26,Furry,Lewis,1977-09-15
One Kind Favor,2008-08-26,Blues Before Sunrise,2008-08-26,Mississippi,Sheiks,1974-08-07
One Kind Favor,2008-08-26,Backwater Blues,2008-08-26,Lonnie,Johnson,1980-03-29
Passion and Warfare,2009-11-24,The Riddle,2009-11-24,Steve,Vai,1976-02-05
Passion and Warfare,2009-11-24,The Audience Is Listening,2009-11-24,Steve,Vai,1976-02-05
Passion and Warfare,2009-11-24,The Animal,2009-11-24,Steve,Vai,1976-02-05
Passion and Warfare,2009-11-24,Sisters,2009-11-24,Steve,Vai,1976-02-05
Passion and Warfare,2009-11-24,Love Secrets,2009-11-24,Steve,Vai,1976-02-05
Passion and Warfare,2009-11-24,Liberty,2009-11-24,Steve,Vai,1976-02-05
Passion and Warfare,2009-11-24,I Would Love To,2009-11-24,Steve,Vai,1976-02-05
Passion and Warfare,2009-11-24,Greasy Kid's Stuff,2009-11-24,Steve,Vai,1976-02-05
Passion and Warfare,2009-11-24,For the Love of God,2009-11-24,Steve,Vai,1976-02-05
Passion and Warfare,2009-11-24,Erotic Nightmares,2009-11-24,Steve,Vai,1976-02-05
Passion and Warfare,2009-11-24,Blue Powder,2009-11-24,Steve,Vai,1976-02-05
Passion and Warfare,2009-11-24,Ballerina 12/24,2009-11-24,Steve,Vai,1976-02-05
Passion and Warfare,2009-11-24,Answers,2009-11-24,Steve,Vai,1976-02-05
Passion and Warfare,2009-11-24,Alien Water Kiss,2009-11-24,Steve,Vai,1976-02-05
Planet Pit,2011-06-21,Where Do We Go,2011-06-21,Armando,C.,1973-04-30
Planet Pit,2011-06-21,Where Do We Go,2011-06-21,Daniel,Morris,1985-10-28
Planet Pit,2011-06-21,Where Do We Go,2011-06-21,James,Scheffer,1972-07-08
Planet Pit,2011-06-21,Where Do We Go,2011-06-21,Jamie,Foxx,1986-09-17
Planet Pit,2011-06-21,Where Do We Go,2011-06-21,Leroy,Sanchez,1982-04-01
Planet Pit,2011-06-21,Where Do We Go,2011-06-21,Marc,Kinchen,1987-05-14
Planet Pit,2011-06-21,Took My Love,2011-06-21,Armando,C.,1973-04-30
Planet Pit,2011-06-21,Took My Love,2011-06-21,Crystal,Waters,1972-06-24
Planet Pit,2011-06-21,Took My Love,2011-06-21,David,Mauricio,1975-04-28
Planet Pit,2011-06-21,Took My Love,2011-06-21,Gravriel,Aminov,1984-06-17
Planet Pit,2011-06-21,Took My Love,2011-06-21,Neal,Conway,1986-09-19
Planet Pit,2011-06-21,Took My Love,2011-06-21,Stefan,Kendal,1976-04-03
Planet Pit,2011-06-21,Took My Love,2011-06-21,Urales,Vargas,1974-05-31
Planet Pit,2011-06-21,Something for the DJs,2011-06-21,Armando,C.,1973-04-30
Planet Pit,2011-06-21,Something for the DJs,2011-06-21,David,Guetta,1969-03-15
Planet Pit,2011-06-21,Something for the DJs,2011-06-21,Nick,MinajVanDeWall,1986-04-23
Planet Pit,2011-06-21,Something for the DJs,2011-06-21,Rico,Love,1977-06-30
Planet Pit,2011-06-21,Shake Seotora,2011-06-21,Armando,C.,1973-04-30
Planet Pit,2011-06-21,Shake Seotora,2011-06-21,Clinton,Sparks,1984-07-25
Planet Pit,2011-06-21,Shake Seotora,2011-06-21,Gabriel,Oller,1989-04-02
Planet Pit,2011-06-21,Shake Seotora,2011-06-21,Harry,Belafonte,1986-10-16
Planet Pit,2011-06-21,Shake Seotora,2011-06-21,Ralph,de,1981-10-22
Planet Pit,2011-06-21,Shake Seotora,2011-06-21,Sean,Paul,1983-05-06
Planet Pit,2011-06-21,Shake Seotora,2011-06-21,Steve,Samuel,1974-12-02
Planet Pit,2011-06-21,Shake Seotora,2011-06-21,T.,Pain,1969-05-05
Planet Pit,2011-06-21,Shake Seotora,2011-06-21,William,Grigahcine,1979-12-20
Planet Pit,2011-06-21,Rain Over Me,2011-06-21,Armando,C.,1973-04-30
Planet Pit,2011-06-21,Rain Over Me,2011-06-21,Marc,Anthony,1977-10-11
Planet Pit,2011-06-21,Rain Over Me,2011-06-21,Rachid,Aziz,1970-05-04
Planet Pit,2011-06-21,Rain Over Me,2011-06-21,R.,RedOne,1972-11-15
Planet Pit,2011-06-21,Pause,2011-06-21,Abdesamad,Ben,1973-08-04
Planet Pit,2011-06-21,Pause,2011-06-21,Adrian,Santalla,1968-03-01
Planet Pit,2011-06-21,Pause,2011-06-21,Ari,Kalima,1976-01-20
Planet Pit,2011-06-21,Pause,2011-06-21,Armando,C.,1973-04-30
Planet Pit,2011-06-21,Pause,2011-06-21,Urales,Vargas,1974-05-31
Planet Pit,2011-06-21,Mr. Worldwide (Intro),2011-06-21,Armando,C.,1973-04-30
Planet Pit,2011-06-21,Mr. Worldwide (Intro),2011-06-21,Gravriel,Aminov,1984-06-17
Planet Pit,2011-06-21,International Love,2011-06-21,Armando,C.,1973-04-30
Planet Pit,2011-06-21,International Love,2011-06-21,Carsten,Schack,1971-06-01
Planet Pit,2011-06-21,International Love,2011-06-21,Claude,Kelly,1986-02-13
Planet Pit,2011-06-21,International Love,2011-06-21,Peter,Biker,1981-11-03
Planet Pit,2011-06-21,International Love,2011-06-21,Sean,Hurley,1975-11-09
Planet Pit,2011-06-21,Hey Baby (Drop It to the Floor),2011-06-21,Armando,C.,1973-04-30
Planet Pit,2011-06-21,Hey Baby (Drop It to the Floor),2011-06-21,Sandy,Vee,1969-02-13
Planet Pit,2011-06-21,Hey Baby (Drop It to the Floor),2011-06-21,T.,Pain,1969-05-05
Planet Pit,2011-06-21,Give Me Everything,2011-06-21,Armando,C.,1973-04-30
Planet Pit,2011-06-21,Give Me Everything,2011-06-21,Nick,VanDeWallVanDeWall,1972-06-27
Planet Pit,2011-06-21,Give Me Everything,2011-06-21,Shaffer,Smith,1969-03-20
Planet Pit,2011-06-21,Come N Go,2011-06-21,Armando,C.,1973-04-30
Planet Pit,2011-06-21,Come N Go,2011-06-21,Benjamin,Levin,1982-11-10
Planet Pit,2011-06-21,Come N Go,2011-06-21,Enrique,Iglesias,1968-05-26
Planet Pit,2011-06-21,Come N Go,2011-06-21,Lukasz,Gottwald,1970-07-13
Planet Pit,2011-06-21,Come N Go,2011-06-21,Max,Martin,1969-06-18
Planet Pit,2011-06-21,Castle Made of Sand,2011-06-21,Armando,C.,1973-04-30
Planet Pit,2011-06-21,Castle Made of Sand,2011-06-21,Jacob,Luttrell,1975-09-09
Planet Pit,2011-06-21,Castle Made of Sand,2011-06-21,James,T.,1978-06-12
Planet Pit,2011-06-21,Castle Made of Sand,2011-06-21,Julie,Frost,1975-09-03
Planet Pit,2011-06-21,Castle Made of Sand,2011-06-21,Justin,Franks,1988-08-04
Planet Pit,2011-06-21,Castle Made of Sand,2011-06-21,Kelly,Rowland,1978-05-03
Red,2012-10-22,We Are Never Ever Getting Back Together,2012-10-22,Max,Martin,1969-06-18
Red,2012-10-22,We Are Never Ever Getting Back Together,2012-10-22,S.,Shellback,1980-09-10
Red,2012-10-22,We Are Never Ever Getting Back Together,2012-10-22,Taylor,Swift,1975-01-21
Red,2012-10-22,Treacherous,2012-10-22,Dan,Wilson,1968-02-07
Red,2012-10-22,Treacherous,2012-10-22,Taylor,Swift,1975-01-21
Red,2012-10-22,The  Lucky One,2012-10-22,Taylor,Swift,1975-01-21
Red,2012-10-22,The  Last Time,2012-10-22,Gary,Lightbody,1972-04-08
Red,2012-10-22,The  Last Time,2012-10-22,Jacknife,Lee,1975-12-05
Red,2012-10-22,The  Last Time,2012-10-22,Taylor,Swift,1975-01-21
Red,2012-10-22,Stay Stay Stay,2012-10-22,Taylor,Swift,1975-01-21
Red,2012-10-22,State of Grace,2012-10-22,Taylor,Swift,1975-01-21
Red,2012-10-22,Starlight,2012-10-22,Taylor,Swift,1975-01-21
Red,2012-10-22,Sad Beautiful Tragic,2012-10-22,Taylor,Swift,1975-01-21
Red,2012-10-22,Red,2012-10-22,Taylor,Swift,1975-01-21
Red,2012-10-22,I Knew You Were Trouble,2012-10-22,Max,Martin,1969-06-18
Red,2012-10-22,I Knew You Were Trouble,2012-10-22,S.,Shellback,1980-09-10
Red,2012-10-22,I Knew You Were Trouble,2012-10-22,Taylor,Swift,1975-01-21
Red,2012-10-22,I Almost Do,2012-10-22,Taylor,Swift,1975-01-21
Red,2012-10-22,Holy Ground,2012-10-22,Taylor,Swift,1975-01-21
Red,2012-10-22,Everything Has Changed,2012-10-22,Ed,Sheeran,1984-05-24
Red,2012-10-22,Everything Has Changed,2012-10-22,Patrick,Warren,1975-02-02
Red,2012-10-22,Everything Has Changed,2012-10-22,Taylor,Swift,1975-01-21
Red,2012-10-22,Begin Again,2012-10-22,Taylor,Swift,1975-01-21
Red,2012-10-22,All Too Well,2012-10-22,Liz,Rose,1983-10-24
Red,2012-10-22,All Too Well,2012-10-22,Taylor,Swift,1975-01-21
Red,2012-10-22,22,2012-10-22,Max,Martin,1969-06-18
Red,2012-10-22,22,2012-10-22,S.,Shellback,1980-09-10
Red,2012-10-22,22,2012-10-22,Taylor,Swift,1975-01-21
She Wolf,2009-11-23,Why Wait,2009-11-23,P.,Williams,1988-03-05
She Wolf,2009-11-23,Why Wait,2009-11-23,S.,Shakira,1987-05-04
She Wolf,2009-11-23,Spy,2009-11-23,S.,Shakira,1987-05-04
She Wolf,2009-11-23,Spy,2009-11-23,Wyclef,Jean,1985-01-16
She Wolf,2009-11-23,She Wolf,2009-11-23,S.,Endicott,1970-11-18
She Wolf,2009-11-23,She Wolf,2009-11-23,S.,Shakira,1987-05-04
She Wolf,2009-11-23,Mon Amour,2009-11-23,A.,Menendez,1973-02-20
She Wolf,2009-11-23,Mon Amour,2009-11-23,S.,Shakira,1987-05-04
She Wolf,2009-11-23,Men in This Town,2009-11-23,S.,Endicott,1970-11-18
She Wolf,2009-11-23,Men in This Town,2009-11-23,S.,Shakira,1987-05-04
She Wolf,2009-11-23,Long Time,2009-11-23,P.,Williams,1988-03-05
She Wolf,2009-11-23,Long Time,2009-11-23,S.,Shakira,1987-05-04
She Wolf,2009-11-23,Loba,2009-11-23,J.,Drexler,1972-03-25
She Wolf,2009-11-23,Loba,2009-11-23,S.,Endicott,1970-11-18
She Wolf,2009-11-23,Loba,2009-11-23,S.,Shakira,1987-05-04
She Wolf,2009-11-23,Lo Hecho Esto Hecho,2009-11-23,J.,Drexler,1972-03-25
She Wolf,2009-11-23,Lo Hecho Esto Hecho,2009-11-23,P.,Williams,1988-03-05
She Wolf,2009-11-23,Lo Hecho Esto Hecho,2009-11-23,S.,Shakira,1987-05-04
She Wolf,2009-11-23,Gypsy,2009-11-23,A.,Ghost,1968-11-13
She Wolf,2009-11-23,Gypsy,2009-11-23,E.,Rogers,1979-06-23
She Wolf,2009-11-23,Gypsy,2009-11-23,I.,Dench,1980-10-17
She Wolf,2009-11-23,Gypsy,2009-11-23,S.,Shakira,1987-05-04
She Wolf,2009-11-23,Good Stuff,2009-11-23,P.,Williams,1988-03-05
She Wolf,2009-11-23,Good Stuff,2009-11-23,S.,Shakira,1987-05-04
She Wolf,2009-11-23,Did It Again,2009-11-23,P.,Williams,1988-03-05
She Wolf,2009-11-23,Did It Again,2009-11-23,S.,Shakira,1987-05-04
She Wolf,2009-11-23,Aos Luz,2009-11-23,J.,Drexler,1972-03-25
She Wolf,2009-11-23,Aos Luz,2009-11-23,P.,Williams,1988-03-05
She Wolf,2009-11-23,Aos Luz,2009-11-23,S.,Shakira,1987-05-04
Speak Now,2010-10-25,The  Story of Us,2010-10-25,Taylor,Swift,1975-01-21
Speak Now,2010-10-25,Speak Now,2010-10-25,Taylor,Swift,1975-01-21
Speak Now,2010-10-25,Sparks Fly,2010-10-25,Taylor,Swift,1975-01-21
Speak Now,2010-10-25,Never Grow Up,2010-10-25,Taylor,Swift,1975-01-21
Speak Now,2010-10-25,Mine,2010-10-25,Taylor,Swift,1975-01-21
Speak Now,2010-10-25,Mean,2010-10-25,Taylor,Swift,1975-01-21
Speak Now,2010-10-25,Long Live,2010-10-25,Taylor,Swift,1975-01-21
Speak Now,2010-10-25,Last Kiss,2010-10-25,Taylor,Swift,1975-01-21
Speak Now,2010-10-25,Innocent,2010-10-25,Taylor,Swift,1975-01-21
Speak Now,2010-10-25,Haunted,2010-10-25,Taylor,Swift,1975-01-21
Speak Now,2010-10-25,Enchanted,2010-10-25,Taylor,Swift,1975-01-21
Speak Now,2010-10-25,Dear John,2010-10-25,Taylor,Swift,1975-01-21
Speak Now,2010-10-25,Better Than Revenge,2010-10-25,Taylor,Swift,1975-01-21
Speak Now,2010-10-25,Back to December,2010-10-25,Taylor,Swift,1975-01-21
The 20/20 Experience - 2 of 2,2013-09-30,You Got It On,2013-09-30,James,Fauntleroy,1982-12-31
The 20/20 Experience - 2 of 2,2013-09-30,You Got It On,2013-09-30,Jerome,Harmon,1975-07-02
The 20/20 Experience - 2 of 2,2013-09-30,You Got It On,2013-09-30,Justin,Timberlake,1988-09-06
The 20/20 Experience - 2 of 2,2013-09-30,You Got It On,2013-09-30,Tim,Mosley,1972-08-02
The 20/20 Experience - 2 of 2,2013-09-30,True Blood,2013-09-30,Jerome,Harmon,1975-07-02
The 20/20 Experience - 2 of 2,2013-09-30,True Blood,2013-09-30,Justin,Timberlake,1988-09-06
The 20/20 Experience - 2 of 2,2013-09-30,True Blood,2013-09-30,Tim,Mosley,1972-08-02
The 20/20 Experience - 2 of 2,2013-09-30,TKO,2013-09-30,James,Fauntleroy,1982-12-31
The 20/20 Experience - 2 of 2,2013-09-30,TKO,2013-09-30,Jerome,Harmon,1975-07-02
The 20/20 Experience - 2 of 2,2013-09-30,TKO,2013-09-30,Justin,Timberlake,1988-09-06
The 20/20 Experience - 2 of 2,2013-09-30,TKO,2013-09-30,Tim,Mosley,1972-08-02
The 20/20 Experience - 2 of 2,2013-09-30,Take Back the Night,2013-09-30,James,Fauntleroy,1982-12-31
The 20/20 Experience - 2 of 2,2013-09-30,Take Back the Night,2013-09-30,Jerome,Harmon,1975-07-02
The 20/20 Experience - 2 of 2,2013-09-30,Take Back the Night,2013-09-30,Justin,Timberlake,1988-09-06
The 20/20 Experience - 2 of 2,2013-09-30,Take Back the Night,2013-09-30,Tim,Mosley,1972-08-02
The 20/20 Experience - 2 of 2,2013-09-30,Only When I Walk Away,2013-09-30,Amedeo,Minghi,1972-02-21
The 20/20 Experience - 2 of 2,2013-09-30,Only When I Walk Away,2013-09-30,James,Fauntleroy,1982-12-31
The 20/20 Experience - 2 of 2,2013-09-30,Only When I Walk Away,2013-09-30,Jerome,Harmon,1975-07-02
The 20/20 Experience - 2 of 2,2013-09-30,Only When I Walk Away,2013-09-30,Justin,Timberlake,1988-09-06
The 20/20 Experience - 2 of 2,2013-09-30,Only When I Walk Away,2013-09-30,Tim,Mosley,1972-08-02
The 20/20 Experience - 2 of 2,2013-09-30,Not a Bad Thing/Pair of Wings [Hidden Track],2013-09-30,James,Fauntleroy,1982-12-31
The 20/20 Experience - 2 of 2,2013-09-30,Not a Bad Thing/Pair of Wings [Hidden Track],2013-09-30,Jerome,Harmon,1975-07-02
The 20/20 Experience - 2 of 2,2013-09-30,Not a Bad Thing/Pair of Wings [Hidden Track],2013-09-30,Justin,Timberlake,1988-09-06
The 20/20 Experience - 2 of 2,2013-09-30,Not a Bad Thing/Pair of Wings [Hidden Track],2013-09-30,Tim,Mosley,1972-08-02
The 20/20 Experience - 2 of 2,2013-09-30,Murder,2013-09-30,James,Fauntleroy,1982-12-31
The 20/20 Experience - 2 of 2,2013-09-30,Murder,2013-09-30,Jerome,Harmon,1975-07-02
The 20/20 Experience - 2 of 2,2013-09-30,Murder,2013-09-30,Justin,Timberlake,1988-09-06
The 20/20 Experience - 2 of 2,2013-09-30,Murder,2013-09-30,Tim,Mosley,1972-08-02
The 20/20 Experience - 2 of 2,2013-09-30,Gimme What I Don't Know (I Want),2013-09-30,James,Fauntleroy,1982-12-31
The 20/20 Experience - 2 of 2,2013-09-30,Gimme What I Don't Know (I Want),2013-09-30,Jerome,Harmon,1975-07-02
The 20/20 Experience - 2 of 2,2013-09-30,Gimme What I Don't Know (I Want),2013-09-30,Justin,Timberlake,1988-09-06
The 20/20 Experience - 2 of 2,2013-09-30,Gimme What I Don't Know (I Want),2013-09-30,Tim,Mosley,1972-08-02
The 20/20 Experience - 2 of 2,2013-09-30,Drink You Away,2013-09-30,James,Fauntleroy,1982-12-31
The 20/20 Experience - 2 of 2,2013-09-30,Drink You Away,2013-09-30,Jerome,Harmon,1975-07-02
The 20/20 Experience - 2 of 2,2013-09-30,Drink You Away,2013-09-30,Justin,Timberlake,1988-09-06
The 20/20 Experience - 2 of 2,2013-09-30,Drink You Away,2013-09-30,Tim,Mosley,1972-08-02
The 20/20 Experience - 2 of 2,2013-09-30,Cabaret,2013-09-30,Daniel,Jones,1970-09-28
The 20/20 Experience - 2 of 2,2013-09-30,Cabaret,2013-09-30,James,Fauntleroy,1982-12-31
The 20/20 Experience - 2 of 2,2013-09-30,Cabaret,2013-09-30,Jerome,Harmon,1975-07-02
The 20/20 Experience - 2 of 2,2013-09-30,Cabaret,2013-09-30,Justin,Timberlake,1988-09-06
The 20/20 Experience - 2 of 2,2013-09-30,Cabaret,2013-09-30,Tim,Mosley,1972-08-02
The 20/20 Experience - 2 of 2,2013-09-30,Amnesia,2013-09-30,Daniel,Jones,1970-09-28
The 20/20 Experience - 2 of 2,2013-09-30,Amnesia,2013-09-30,James,Fauntleroy,1982-12-31
The 20/20 Experience - 2 of 2,2013-09-30,Amnesia,2013-09-30,Jerome,Harmon,1975-07-02
The 20/20 Experience - 2 of 2,2013-09-30,Amnesia,2013-09-30,Justin,Timberlake,1988-09-06
The 20/20 Experience - 2 of 2,2013-09-30,Amnesia,2013-09-30,Tim,Mosley,1972-08-02
The Fame,2008-10-28,The Fame,2008-10-28,Lady,Gaga,1976-09-24
The Fame,2008-10-28,The Fame,2008-10-28,Martin,Kierszenbaum,1987-04-18
The Fame,2008-10-28,Summerboy,2008-10-28,Brian,Kierulf,1968-08-25
The Fame,2008-10-28,Summerboy,2008-10-28,Lady,Gaga,1976-09-24
The Fame,2008-10-28,Poker Face,2008-10-28,Lady,Gaga,1976-09-24
The Fame,2008-10-28,Paparazzi,2008-10-28,Lady,Gaga,1976-09-24
The Fame,2008-10-28,Paparazzi,2008-10-28,Rob,Fusari,1970-08-09
The Fame,2008-10-28,Money Honey,2008-10-28,Lady,Gaga,1976-09-24
The Fame,2008-10-28,Just Dance,2008-10-28,Lady,Gaga,1976-09-24
The Fame,2008-10-28,I Like It Rough,2008-10-28,Lady,Gaga,1976-09-24
The Fame,2008-10-28,I Like It Rough,2008-10-28,Martin,Kierszenbaum,1987-04-18
The Fame,2008-10-28,"Eh, Eh (Nothing Else I Can Say)",2008-10-28,Lady,Gaga,1976-09-24
The Fame,2008-10-28,"Eh, Eh (Nothing Else I Can Say)",2008-10-28,Martin,Kierszenbaum,1987-04-18
The Fame,2008-10-28,Brown Eyes,2008-10-28,Lady,Gaga,1976-09-24
The Fame,2008-10-28,Boys Boys Boys,2008-10-28,Lady,Gaga,1976-09-24
The Fame,2008-10-28,"Beautiful, Dirty, Rich",2008-10-28,Lady,Gaga,1976-09-24
The Fame,2008-10-28,"Beautiful, Dirty, Rich",2008-10-28,Rob,Fusari,1970-08-09
The Fame,2008-10-28,Again Again,2008-10-28,Lady,Gaga,1976-09-24
The Fame,2008-10-28,Again Again,2008-10-28,Rob,Fusari,1970-08-09
The Fame Monster,2009-11-23,Telephone,2009-11-23,Bilal,"""TheChef""Hajji",1982-02-02
The Fame Monster,2009-11-23,Telephone,2009-11-23,Lady,Gaga,1976-09-24
The Fame Monster,2009-11-23,Telephone,2009-11-23,LaShawn,Daniels,1971-03-30
The Fame Monster,2009-11-23,Telephone,2009-11-23,Lazonte,Franklin,1987-12-21
The Fame Monster,2009-11-23,Telephone,2009-11-23,Rodney,Jerkins,1988-07-30
The Fame Monster,2009-11-23,Teeth,2009-11-23,Lady,Gaga,1976-09-24
The Fame Monster,2009-11-23,Teeth,2009-11-23,Taja,Riley,1987-01-18
The Fame Monster,2009-11-23,Speechless,2009-11-23,Lady,Gaga,1976-09-24
The Fame Monster,2009-11-23,So Happy I Could Die,2009-11-23,Lady,Gaga,1976-09-24
The Fame Monster,2009-11-23,So Happy I Could Die,2009-11-23,R.,RedOne,1972-11-15
The Fame Monster,2009-11-23,So Happy I Could Die,2009-11-23,Space,Cowboy,1984-10-23
The Fame Monster,2009-11-23,Monster,2009-11-23,Lady,Gaga,1976-09-24
The Fame Monster,2009-11-23,Monster,2009-11-23,R.,RedOne,1972-11-15
The Fame Monster,2009-11-23,Monster,2009-11-23,Space,Cowboy,1984-10-23
The Fame Monster,2009-11-23,Dance in the Dark,2009-11-23,Fernando,Garibay,1986-10-11
The Fame Monster,2009-11-23,Dance in the Dark,2009-11-23,Lady,Gaga,1976-09-24
The Fame Monster,2009-11-23,Bad Romance,2009-11-23,Lady,Gaga,1976-09-24
The Fame Monster,2009-11-23,Bad Romance,2009-11-23,R.,RedOne,1972-11-15
The Fame Monster,2009-11-23,Alejandro,2009-11-23,Lady,Gaga,1976-09-24
The Fame Monster,2009-11-23,Alejandro,2009-11-23,R.,RedOne,1972-11-15
The Story of Light,2012-08-14,No More Amsterdam,2012-08-14,Aimee,Mann,1970-07-14
The Story of Light,2012-08-14,No More Amsterdam,2012-08-14,Steve,Vai,1976-02-05
The Story of Light,2012-08-14,John the Revelator,2012-08-14,T.,Traditional,1987-01-05
The Story of Light,2012-08-14,Book of the Seven Seals,2012-08-14,Paul,Caldwell,1983-08-02
The Story of Light,2012-08-14,Book of the Seven Seals,2012-08-14,Sean,Ivory,1984-05-31
The Story of Light,2012-08-14,Book of the Seven Seals,2012-08-14,Steve,Vai,1976-02-05
The Union,2010-10-19,When Love Is Dying,2010-10-19,Bernie,Taupin,1990-06-10
The Union,2010-10-19,When Love Is Dying,2010-10-19,Elton,John,1980-10-28
The Union,2010-10-19,There's No Tomorrow,2010-10-19,Elton,John,1980-10-28
The Union,2010-10-19,There's No Tomorrow,2010-10-19,James,Timothy,1978-12-06
The Union,2010-10-19,There's No Tomorrow,2010-10-19,Leon,Russell,1973-01-30
The Union,2010-10-19,There's No Tomorrow,2010-10-19,T-Bone,Burnett,1985-09-29
The Union,2010-10-19,The Best Part of the Day,2010-10-19,Bernie,Taupin,1990-06-10
The Union,2010-10-19,The Best Part of the Day,2010-10-19,Elton,John,1980-10-28
The Union,2010-10-19,Never Too Old (To Hold Somebody),2010-10-19,Bernie,Taupin,1990-06-10
The Union,2010-10-19,Never Too Old (To Hold Somebody),2010-10-19,Elton,John,1980-10-28
The Union,2010-10-19,Monkey Suit,2010-10-19,Bernie,Taupin,1990-06-10
The Union,2010-10-19,Monkey Suit,2010-10-19,Elton,John,1980-10-28
The Union,2010-10-19,Jimmie Rodgers' Dream,2010-10-19,Bernie,Taupin,1990-06-10
The Union,2010-10-19,Jimmie Rodgers' Dream,2010-10-19,Elton,John,1980-10-28
The Union,2010-10-19,Jimmie Rodgers' Dream,2010-10-19,T-Bone,Burnett,1985-09-29
The Union,2010-10-19,In the Hands of Angels,2010-10-19,Leon,Russell,1973-01-30
The Union,2010-10-19,If It Wasn't for Bad,2010-10-19,Leon,Russell,1973-01-30
The Union,2010-10-19,I Should Have Sent Roses,2010-10-19,Bernie,Taupin,1990-06-10
The Union,2010-10-19,I Should Have Sent Roses,2010-10-19,Leon,Russell,1973-01-30
The Union,2010-10-19,Hey Ahab,2010-10-19,Bernie,Taupin,1990-06-10
The Union,2010-10-19,Hey Ahab,2010-10-19,Elton,John,1980-10-28
The Union,2010-10-19,Hearts Have Turned to Stone,2010-10-19,Leon,Russell,1973-01-30
The Union,2010-10-19,Gone to Shiloh,2010-10-19,Bernie,Taupin,1990-06-10
The Union,2010-10-19,Gone to Shiloh,2010-10-19,Elton,John,1980-10-28
The Union,2010-10-19,Eight Hundred Dollar Shoes,2010-10-19,Bernie,Taupin,1990-06-10
The Union,2010-10-19,Eight Hundred Dollar Shoes,2010-10-19,Elton,John,1980-10-28
The Union,2010-10-19,A Dream Come True,2010-10-19,Elton,John,1980-10-28
The Union,2010-10-19,A Dream Come True,2010-10-19,Leon,Russell,1973-01-30
Tomahawk Technique,2012-01-30,Won't Stop (Turn Me Out),2012-01-30,P.,Medor,1968-11-21
Tomahawk Technique,2012-01-30,Won't Stop (Turn Me Out),2012-01-30,S.,Henriques,1988-12-23
Tomahawk Technique,2012-01-30,What I Want,2012-01-30,E.,Goudy,1984-05-26
Tomahawk Technique,2012-01-30,What I Want,2012-01-30,S.,Henriques,1988-12-23
Tomahawk Technique,2012-01-30,Wedding Crashers,2012-01-30,S.,Henriques,1988-12-23
Tomahawk Technique,2012-01-30,Wedding Crashers,2012-01-30,Warren,Gladstone,1989-08-15
Tomahawk Technique,2012-01-30,Touch the Sky,2012-01-30,D.,Leroy,1976-06-05
Tomahawk Technique,2012-01-30,Touch the Sky,2012-01-30,S.,Henriques,1988-12-23
Tomahawk Technique,2012-01-30,She Doesn't Mind,2012-01-30,B.,Levin,1969-01-27
Tomahawk Technique,2012-01-30,She Doesn't Mind,2012-01-30,S.,Henriques,1988-12-23
Tomahawk Technique,2012-01-30,She Doesn't Mind,2012-01-30,S.,Shellback,1980-09-10
Tomahawk Technique,2012-01-30,Roll Wid di Don,2012-01-30,Nigel,Staff,1977-12-22
Tomahawk Technique,2012-01-30,Roll Wid di Don,2012-01-30,S.,Henriques,1988-12-23
Tomahawk Technique,2012-01-30,Put It on You,2012-01-30,D.,Omelio,1985-01-09
Tomahawk Technique,2012-01-30,Put It on You,2012-01-30,M.S.,Eriksen,1969-07-12
Tomahawk Technique,2012-01-30,Put It on You,2012-01-30,S.,Henriques,1988-12-23
Tomahawk Technique,2012-01-30,Put It on You,2012-01-30,T.E.,Hermansen,1969-05-05
Tomahawk Technique,2012-01-30,How Deep Is Your Love,2012-01-30,D.,Omelio,1985-01-09
Tomahawk Technique,2012-01-30,How Deep Is Your Love,2012-01-30,E.,Dean,1978-08-14
Tomahawk Technique,2012-01-30,How Deep Is Your Love,2012-01-30,M.S.,Eriksen,1969-07-12
Tomahawk Technique,2012-01-30,How Deep Is Your Love,2012-01-30,S.,Henriques,1988-12-23
Tomahawk Technique,2012-01-30,How Deep Is Your Love,2012-01-30,T.E.,Hermansen,1969-05-05
Tomahawk Technique,2012-01-30,Hold On,2012-01-30,P.,Medor,1968-11-21
Tomahawk Technique,2012-01-30,Hold On,2012-01-30,S.,Henriques,1988-12-23
Tomahawk Technique,2012-01-30,Got 2 Luv U,2012-01-30,M.S.,Eriksen,1969-07-12
Tomahawk Technique,2012-01-30,Got 2 Luv U,2012-01-30,S.,Henriques,1988-12-23
Tomahawk Technique,2012-01-30,Got 2 Luv U,2012-01-30,T.E.,Hermansen,1969-05-05
Tomahawk Technique,2012-01-30,Dream Girl,2012-01-30,D.,Nesmith,1970-09-06
Tomahawk Technique,2012-01-30,Dream Girl,2012-01-30,S.,Henriques,1988-12-23
Tomahawk Technique,2012-01-30,Body,2012-01-30,E.,Goudy,1984-05-26
Tomahawk Technique,2012-01-30,Body,2012-01-30,S.,Henriques,1988-12-23
